dt,project,identifier,title,absolute_views_current,absolute_views_zscore,views_proportion_current,views_proportion_zscore
2026-03-29 18:00:00.000,en.wikipedia,574533,.xxx,73229,5.697046528483708,0.0063235490697874435,4.200903064899289
2026-03-29 18:00:00.000,en.wikipedia,547837,Avi_Lewis,13566,3.2682196070605283,0.0011714657673972942,3.0936172354547065
2026-03-29 18:00:00.000,en.wikipedia,4451805,Rick_Barnes,10181,12.589554095982088,0.0008791606205124468,8.888878510298198
2026-03-29 18:00:00.000,en.wikipedia,56915348,Dusty_May,8234,6.515137691318449,0.0007110311903839983,5.221142362955895
2026-03-29 18:00:00.000,en.wikipedia,79077187,Yaxel_Lendeborg,6268,5.578364632325971,0.0005412610518978505,4.479456059504785
2026-03-29 18:00:00.000,en.wikipedia,73099938,Aday_Mara,5937,9.311722672235678,0.0005126781852452997,7.59450849222898
2026-03-29 18:00:00.000,en.wikipedia,16226663,Niele_Ivey,5481,5.50242779950447,0.0004733011846605167,5.332904462406341
2026-03-29 18:00:00.000,en.wikipedia,75252241,Hannah_Hidalgo,4916,4.69355589651369,0.00042451169928682726,4.44893058626387
2026-03-29 18:00:00.000,en.wikipedia,2404014,Vernon_Carey,4206,28.261773565551984,0.00036320101855174847,21.232219876236783
2026-03-29 18:00:00.000,en.wikipedia,75933820,Candidates_Tournament_2026,4043,6.087472810149896,0.0003491254679041177,4.958805470993482
2026-03-29 18:00:00.000,en.wikipedia,413457,Elaine_Paige,3945,7.246216957368389,0.00034066286690124766,6.738822338926674
2026-03-29 18:00:00.000,en.wikipedia,54511063,Jesús_Sánchez_(outfielder),3890,41.05057416053664,0.0003359134479710655,38.89345140298034
2026-03-29 18:00:00.000,en.wikipedia,50561266,JoJo_Siwa,3763,59.92804377835591,0.00032494660789591763,60.24238332212083
2026-03-29 18:00:00.000,en.wikipedia,22068,Naomi_Klein,3651,3.4043077051325974,0.00031527506389263755,3.221337974340603
2026-03-29 18:00:00.000,en.wikipedia,41391511,Artemis_II,3616,5.615739176036513,0.0003122527063916126,5.20621683021515
2026-03-29 18:00:00.000,en.wikipedia,78081864,The_Other_Bennet_Sister,3360,4.97465397327185,0.00029014632009840104,4.380882731821449
2026-03-29 18:00:00.000,en.wikipedia,55614909,Raj_Arjun,3070,4.474967451287318,0.0002651039293756224,3.5438134461852693
2026-03-29 18:00:00.000,en.wikipedia,756107,Geno_Auriemma,2628,4.822539260309994,0.0002269358717912494,4.20701263279838
2026-03-29 18:00:00.000,en.wikipedia,38627924,Mark_Hill_(antiques_expert),2511,52.59993593136497,0.00021683256243068007,47.193938084863
2026-03-29 18:00:00.000,en.wikipedia,56471534,Vernon_Carey_Jr.,2303,21.92638361969696,0.00019887112356744573,16.312538715396993
2026-03-29 18:00:00.000,en.wikipedia,328242,Jimmy_Savile,2259,6.828023704139314,0.0001950715884233,6.85179190749245
2026-03-29 18:00:00.000,en.wikipedia,1931775,Mary_Beth_Hurt,2226,114.42824958934742,0.0001922219370651907,82.00528191352433
2026-03-29 18:00:00.000,en.wikipedia,4517,Boudica,2184,75.57066520741552,0.00018859510806396067,94.23084562991605
2026-03-29 18:00:00.000,en.wikipedia,71949923,Elliot_Cadeau,2117,4.190696774898407,0.00018280945227628425,3.3852659444915907
2026-03-29 18:00:00.000,en.wikipedia,4706263,Steve_Lappas,2106,8.404675161666123,0.0001818595684902478,6.606468587624125
2026-03-29 18:00:00.000,en.wikipedia,7810,Church_of_the_Holy_Sepulchre,1809,5.401875761661217,0.00015621270626726413,5.030524238994104
2026-03-29 18:00:00.000,en.wikipedia,73235168,Scream_7,1798,3.6110130604974184,0.00015526282248122772,4.0894602239891436
2026-03-29 18:00:00.000,en.wikipedia,17260462,Andrew_McCutchen,1787,8.788025635963564,0.00015431293869519127,7.985960664910951
2026-03-29 18:00:00.000,en.wikipedia,75318945,Jaafar_Jackson,1782,5.469320398567057,0.00015388117333790197,4.050149061564873
2026-03-29 18:00:00.000,en.wikipedia,70014183,Michael_(2026_film),1701,6.47566020073391,0.00014688657454981554,5.646535927775439
2026-03-29 18:00:00.000,en.wikipedia,61205411,Molly-Mae_Hague,1696,127.17069720113079,0.00014645480919252624,109.10587181562809
2026-03-29 18:00:00.000,en.wikipedia,335298,Toy_Story_2,1646,10.763547271545217,0.00014213715561963336,10.599149863515706
2026-03-29 18:00:00.000,en.wikipedia,14995351,Michael_Jackson,1593,4.862615774690311,0.00013756044283236692,5.460114709938963
2026-03-29 18:00:00.000,en.wikipedia,211447,Richard_Herring,1591,195.28958805576758,0.0001373877366894512,136.02571729169264
2026-03-29 18:00:00.000,en.wikipedia,78060478,Ella_Bruccoleri,1560,5.507251706394691,0.00013471079147425762,5.029501092571402
2026-03-29 18:00:00.000,en.wikipedia,58492115,Ben_Braden,1500,,0.00012952960718678617,
2026-03-29 18:00:00.000,en.wikipedia,63342423,Azzi_Fudd,1413,4.058490894664864,0.00012201688996995258,3.4016381440967134
2026-03-29 18:00:00.000,en.wikipedia,14291424,Michigan_Wolverines_men's_basketball,1411,5.65112231073193,0.00012184418382703687,4.377221678012669
2026-03-29 18:00:00.000,en.wikipedia,27442998,Avatar:_Fire_and_Ash,1409,4.866257724408026,0.00012167147768412116,3.722906827568938
2026-03-29 18:00:00.000,en.wikipedia,68781370,List_of_highest-grossing_Hindi_films,1391,4.390809256805951,0.00012011712239787972,3.457439855462974
2026-03-29 18:00:00.000,en.wikipedia,76414103,Sarah_Strong,1383,4.37353178154022,0.00011942629782621686,3.860105157793266
2026-03-29 18:00:00.000,en.wikipedia,217724,Joan_Cusack,1342,12.605233127478392,0.00011588582189644471,11.72555464565668
2026-03-29 18:00:00.000,en.wikipedia,77976929,Nate_Ament,1306,8.191062446207946,0.00011277711132396184,6.598634772660933
2026-03-29 18:00:00.000,en.wikipedia,12324642,Javin_Hunter,1222,3.8339958661925904,0.00010552345332150181,3.7173791762734387
2026-03-29 18:00:00.000,en.wikipedia,7529881,Rebecca_Hall,1204,6.433255585360876,0.00010396909803526038,6.207948753765437
2026-03-29 18:00:00.000,en.wikipedia,46297714,Political_views_of_J._K._Rowling,1191,8.046957135906391,0.00010284650810630823,4.390041552956832
2026-03-29 18:00:00.000,en.wikipedia,21774698,Two_Weeks_with_Love,1190,5.792729670190972,0.00010276015503485037,5.681919947346755
2026-03-29 18:00:00.000,en.wikipedia,77346479,Wuthering_Heights_(2026_film),1186,4.341681712863556,0.00010241474274901895,3.261072641540399
2026-03-29 18:00:00.000,en.wikipedia,67671033,Jaden_Ivey,1182,4.741583211537432,0.00010206933046318751,4.129553952960088
2026-03-29 18:00:00.000,en.wikipedia,395592,Northwest_Stadium,1148,21.007895646086013,9.913332603362036e-05,18.38541974995884
2026-03-29 18:00:00.000,en.wikipedia,48856016,The_Favourite_(2018_film),1121,25.021045634745352,9.680179310425821e-05,27.313349143343274
2026-03-29 18:00:00.000,en.wikipedia,147726,Shaquille_O'Neal,1109,5.487532430970583,9.576555624676392e-05,4.596996856334755
2026-03-29 18:00:00.000,en.wikipedia,54520372,Pope_Leo_XIV,1094,4.22958823729478,9.447026017489605e-05,3.4841598691351185
2026-03-29 18:00:00.000,en.wikipedia,54051059,Pierbattista_Pizzaballa,1089,3.9230960343242796,9.403849481760677e-05,3.5335059076060285
2026-03-29 18:00:00.000,en.wikipedia,3473109,Jeffrey_Holland_(actor),1085,125.4109503226976,9.369308253177534e-05,114.03982109253464
2026-03-29 18:00:00.000,en.wikipedia,74310270,Brandon_Sproat,1023,40.855858569278205,8.833919210138818e-05,38.67514572944899
2026-03-29 18:00:00.000,en.wikipedia,218238,Rob_Schneider,1019,3.6279320880902715,8.799377981555674e-05,3.122718300351734
2026-03-29 18:00:00.000,en.wikipedia,78356566,Dónal_Finn,1018,3.782743521041694,8.790742674409889e-05,3.6021139835965297
2026-03-29 18:00:00.000,en.wikipedia,19283982,New_Democratic_Party,980,4.366834542680849,8.462601002870031e-05,4.086910394360728
2026-03-29 18:00:00.000,en.wikipedia,50745,Paul_Simon,961,4.099381771263036,8.298530167100101e-05,3.8704620663855773
2026-03-29 18:00:00.000,en.wikipedia,50586491,Eric_Lauer,956,6.2722021130492145,8.255353631371172e-05,6.147814973696752
2026-03-29 18:00:00.000,en.wikipedia,792295,Judith_Barsi,950,4.7301539946224045,8.203541788496458e-05,4.404520022062443
2026-03-29 18:00:00.000,en.wikipedia,51289996,Ilhan_Omar,944,3.6587041038710044,8.151729945621744e-05,3.3083547186939337
2026-03-29 18:00:00.000,en.wikipedia,16849464,UConn_Huskies_women's_basketball,943,5.646835187911198,8.143094638475958e-05,4.935447186856951
2026-03-29 18:00:00.000,en.wikipedia,2292805,4.50_from_Paddington,937,3.692151924325029,8.091282795601244e-05,3.6193086591392976
2026-03-29 18:00:00.000,en.wikipedia,67033743,Grace_(TV_series),915,7.289933970112236,7.901306038393957e-05,6.6599696948063025
2026-03-29 18:00:00.000,en.wikipedia,5774570,Graham_Rahal,910,15.03866060027715,7.858129502665028e-05,14.772028202441252
2026-03-29 18:00:00.000,en.wikipedia,82077465,Taniec_z_gwiazdami_season_31,906,62.179932410989835,7.823588274081885e-05,55.901096522039005
2026-03-29 18:00:00.000,en.wikipedia,70315,Debbie_Reynolds,902,14.261815105518059,7.789047045498743e-05,10.037331095791526
2026-03-29 18:00:00.000,en.wikipedia,218585,Jane_Powell,885,21.586464499513347,7.642246824020385e-05,20.73045792980417
2026-03-29 18:00:00.000,en.wikipedia,46854,Wallis_Simpson,878,22.821529703100673,7.581799673999884e-05,27.808238014856972
2026-03-29 18:00:00.000,en.wikipedia,80635394,2026_IndyCar_Series,876,7.54791616144518,7.564529059708312e-05,7.0447141013512855
2026-03-29 18:00:00.000,en.wikipedia,1112765,Sponsored_top-level_domain,869,6.7726031268818545,7.504081909687813e-05,4.82740323632477
2026-03-29 18:00:00.000,en.wikipedia,75358749,Roddy_Gayle_Jr.,861,10.697547640700016,7.434999452521528e-05,8.65868672762797
2026-03-29 18:00:00.000,en.wikipedia,50066161,Drew_Scott,850,23.41695224840485,7.340011073917884e-05,21.742477584553825
2026-03-29 18:00:00.000,en.wikipedia,1384520,XXXX,830,5.29242835783853,7.167304931002169e-05,3.3071944663623962
2026-03-29 18:00:00.000,en.wikipedia,292273,Amanda_Holden,822,4.958836362108685,7.098222473835883e-05,3.716000845010916
2026-03-29 18:00:00.000,en.wikipedia,48796208,Frank_Kjosås,817,4.221935173132355,7.055045938106954e-05,3.82224406260428
2026-03-29 18:00:00.000,en.wikipedia,81082798,2026_Moto2_World_Championship,814,15.576487615554813,7.029140016669597e-05,14.566405824315872
2026-03-29 18:00:00.000,en.wikipedia,2328197,Judy_Buxton,796,347.80454028007836,6.873704488045454e-05,321.07521443078855
2026-03-29 18:00:00.000,en.wikipedia,805097,School_of_Rock,781,10.933946952383968,6.744174880858668e-05,9.355136780090332
2026-03-29 18:00:00.000,en.wikipedia,64394,Goodfellas,774,4.919977651427187,6.683727730838167e-05,3.82401800613279
2026-03-29 18:00:00.000,en.wikipedia,73629340,Joey_Loperfido,770,11.871506762904348,6.649186502255024e-05,10.662519700984216
2026-03-29 18:00:00.000,en.wikipedia,818002,Double_Jeopardy_(1999_film),768,5.547571830011521,6.631915887963453e-05,4.969880618921378
2026-03-29 18:00:00.000,en.wikipedia,62265900,Greenland_(film),766,4.151717788733434,6.614645273671881e-05,3.9925747268235425
2026-03-29 18:00:00.000,en.wikipedia,61413246,Dustin_May,751,45.56585805059624,6.485115666485095e-05,39.397871291354065
2026-03-29 18:00:00.000,en.wikipedia,767804,Juwan_Howard,725,5.925268373343658,6.260597680694665e-05,4.63786819682985
2026-03-29 18:00:00.000,en.wikipedia,235959,Farrah_Fawcett,705,7.1082511126492065,6.087891537778951e-05,6.898178984476056
2026-03-29 18:00:00.000,en.wikipedia,353929,Jermaine_Jackson,696,6.124790905058654,6.010173773466879e-05,4.79851970444996
2026-03-29 18:00:00.000,en.wikipedia,63117918,Carmen_Mlodzinski,691,8.159941576515543,5.9669972377379503e-05,8.051854293404627
2026-03-29 18:00:00.000,en.wikipedia,38651753,Travis_Jankowski,690,4.342919955754677,5.9583619305921645e-05,3.908065364557301
2026-03-29 18:00:00.000,en.wikipedia,11749520,Seat_belt_laws_in_the_United_States,688,5.004050288261187,5.941091316300593e-05,4.908309899887638
2026-03-29 18:00:00.000,en.wikipedia,80659071,Hell's_Paradise_season_2,688,6.279086946788456,5.941091316300593e-05,6.009760099128514
2026-03-29 18:00:00.000,en.wikipedia,650426,Marilyn_Manson,680,9.654470896366558,5.872008859134307e-05,10.041531110105312
2026-03-29 18:00:00.000,en.wikipedia,88076,Joseph_Fiennes,676,3.4591721252339114,5.837467630551164e-05,3.097895779459586
2026-03-29 18:00:00.000,en.wikipedia,61771201,Chris_Hughes_(TV_personality),673,3.556158175938318,5.8115617091138065e-05,3.3512259633893677
2026-03-29 18:00:00.000,en.wikipedia,5054574,Véronique_Sanson,670,226.38772691367504,5.7856557876764495e-05,185.86140012873815
2026-03-29 18:00:00.000,en.wikipedia,21307011,Ana_Kasparian,664,13.542180922058808,5.733843944801735e-05,12.194211372160266
2026-03-29 18:00:00.000,en.wikipedia,75311,Ricardo_Montalbán,664,5.69872689361843,5.733843944801735e-05,4.914008911223734
2026-03-29 18:00:00.000,en.wikipedia,171562,American_History_X,663,17.657498494821308,5.7252086376559497e-05,19.802003580410638
2026-03-29 18:00:00.000,en.wikipedia,8115180,Roberto_De_Zerbi,658,4.550207842880145,5.682032101927021e-05,4.26663522427007
2026-03-29 18:00:00.000,en.wikipedia,689499,Harry_Hamlin,657,9.19838835362239,5.673396794781235e-05,8.37951137644733
2026-03-29 18:00:00.000,en.wikipedia,168534,William_Hurt,651,11.378191377361635,5.6215849519065204e-05,9.049783627885558
2026-03-29 18:00:00.000,en.wikipedia,79537314,Ja'Kobi_Gillespie,650,7.550882102585063,5.6129496447607345e-05,5.174459954935525
2026-03-29 18:00:00.000,en.wikipedia,79664177,Connelly_Early,650,6.96794108877971,5.6129496447607345e-05,6.821836514577131
2026-03-29 18:00:00.000,en.wikipedia,67227954,Toy_Story_5,646,6.078544764944665,5.578408416177592e-05,7.057433545649406
2026-03-29 18:00:00.000,en.wikipedia,46580372,Risen_(2016_film),639,9.473384509850431,5.517961266157091e-05,9.305148695860716
2026-03-29 18:00:00.000,en.wikipedia,53085,Toy_Story,639,6.336223895134647,5.517961266157091e-05,6.333304727975247
2026-03-29 18:00:00.000,en.wikipedia,60758751,Artemis_program,633,4.898355288448961,5.466149423282377e-05,4.544413629749375
2026-03-29 18:00:00.000,en.wikipedia,49906720,Jonathan_Scott_(television_personality),632,11.656181988920626,5.457514116136591e-05,10.88211174228488
2026-03-29 18:00:00.000,en.wikipedia,690,Aruba,625,3.6111033809700896,5.397066966116091e-05,3.39497969440902
2026-03-29 18:00:00.000,en.wikipedia,92494,The_King_in_Yellow,625,20.253511164775958,5.397066966116091e-05,24.224951969072077
2026-03-29 18:00:00.000,en.wikipedia,2141172,Eric_Byrnes,625,4.4127693199616465,5.397066966116091e-05,3.7793479799353493
2026-03-29 18:00:00.000,en.wikipedia,723489,Miranda_Cosgrove,620,6.848898413678542,5.353890430387162e-05,6.165187428790763
2026-03-29 18:00:00.000,en.wikipedia,77267214,Morez_Johnson_Jr.,618,6.848527328641162,5.336619816095591e-05,5.521545415367512
2026-03-29 18:00:00.000,en.wikipedia,50187233,Leap_Manifesto,614,3.8120190422171087,5.302078587512448e-05,3.6575351871012596
2026-03-29 18:00:00.000,en.wikipedia,58563092,Tatsuya_Imai,608,26.510260572318273,5.2502667446377335e-05,24.403466150960345
2026-03-29 18:00:00.000,en.wikipedia,820340,Karla_Faye_Tucker,600,3.9980931643601765,5.181184287471447e-05,3.7814383560046485
2026-03-29 18:00:00.000,en.wikipedia,201265,Douglas_Bader,598,98.92445047129499,5.163913673179876e-05,87.1826876692072
2026-03-29 18:00:00.000,en.wikipedia,3527612,Barber_Motorsports_Park,598,4.604741163486289,5.163913673179876e-05,4.457248000355158
2026-03-29 18:00:00.000,en.wikipedia,26798926,Kelsey_Asbille,595,5.315101811516461,5.1380077517425184e-05,4.94083261290791
2026-03-29 18:00:00.000,en.wikipedia,24095,"Diana,_Princess_of_Wales",583,3.178514169259775,5.03438406599309e-05,3.017081153807926
2026-03-29 18:00:00.000,en.wikipedia,1184204,Delonte_West,580,10.738948424888063,5.008478144555732e-05,10.535197919635221
2026-03-29 18:00:00.000,en.wikipedia,188899,Tim_Allen,576,7.6629196219771085,4.973936915972589e-05,7.33092877439168
2026-03-29 18:00:00.000,en.wikipedia,544281,Fiona_Bruce,569,10.419577223106993,4.9134897659520894e-05,8.737018704760096
2026-03-29 18:00:00.000,en.wikipedia,7772370,Mick_Schumacher,568,11.789112412283409,4.9048544588063035e-05,10.064079372668692
2026-03-29 18:00:00.000,en.wikipedia,2749295,Henry_Hill,565,5.016673581708487,4.8789485373689466e-05,3.519230870935035
2026-03-29 18:00:00.000,en.wikipedia,936829,Zooey_Deschanel,565,3.7739802870782597,4.8789485373689466e-05,3.356754655269218
2026-03-29 18:00:00.000,en.wikipedia,47225602,George_W._Barber,564,4.192227338030467,4.870313230223161e-05,4.048911065935299
2026-03-29 18:00:00.000,en.wikipedia,81091899,2026_Moto3_World_Championship,564,3.4728572688658397,4.870313230223161e-05,3.2728237698036877
2026-03-29 18:00:00.000,en.wikipedia,67087988,Eileen_Gu,563,12.692569878993547,4.861677923077375e-05,11.205005438005566
2026-03-29 18:00:00.000,en.wikipedia,2356883,Estelle_Harris,559,23.11066061228554,4.827136694494232e-05,22.585648200047668
2026-03-29 18:00:00.000,en.wikipedia,7670257,Sonam_Kapoor,558,11.145854914119047,4.818501387348446e-05,10.361303460045471
2026-03-29 18:00:00.000,en.wikipedia,7128647,Ross_Browner,557,3.1020312561600805,4.80986608020266e-05,3.0364895036050856
2026-03-29 18:00:00.000,en.wikipedia,72835746,Philip_Berk,554,4.73671125183894,4.783960158765303e-05,4.101005716139715
2026-03-29 18:00:00.000,en.wikipedia,35920217,Brandon_Nimmo,550,8.089639947437712,4.7494189301821603e-05,7.545019374641383
2026-03-29 18:00:00.000,en.wikipedia,195246,The_Passion_of_the_Christ,548,4.195493598137165,4.7321483158905886e-05,3.6076034645814126
2026-03-29 18:00:00.000,en.wikipedia,49724118,Evan_Washburn,547,8.006247214953603,4.723513008744803e-05,6.180405832086606
2026-03-29 18:00:00.000,en.wikipedia,81355811,Indian_Idol_(Hindi_TV_series)_season_16,547,3.7449770861868905,4.723513008744803e-05,3.303370964619795
2026-03-29 18:00:00.000,en.wikipedia,56847053,Joe_Roberts_(motorcyclist),544,37.9050651696741,4.697607087307446e-05,34.61151894817172
2026-03-29 18:00:00.000,en.wikipedia,68483222,2025_Canadian_federal_election,543,4.833792803016007,4.68897178016166e-05,4.693347164694179
2026-03-29 18:00:00.000,en.wikipedia,2278804,Henry_Cavill,542,3.6173043409689525,4.680336473015874e-05,3.749261772024289
2026-03-29 18:00:00.000,en.wikipedia,3499096,Patriot_Games_(film),539,30.695381661794066,4.654430551578517e-05,30.035548896019748
2026-03-29 18:00:00.000,en.wikipedia,333813,Claire_Forlani,532,10.646803945598144,4.5939834015580165e-05,11.387004557675521
2026-03-29 18:00:00.000,en.wikipedia,68322,Faye_Dunaway,526,9.40259890755922,4.5421715586833025e-05,8.783092970795984
2026-03-29 18:00:00.000,en.wikipedia,264105,Colchester,526,50.28662999381098,4.5421715586833025e-05,46.40366759011972
2026-03-29 18:00:00.000,en.wikipedia,103178,D.C._sniper_attacks,525,4.2771100639122155,4.5335362515375166e-05,3.941419048525559
2026-03-29 18:00:00.000,en.wikipedia,152195,Don_Rickles,522,9.373909598146147,4.507630330100159e-05,9.306097787054531
2026-03-29 18:00:00.000,en.wikipedia,49955849,Hidden_Figures,521,3.193553631957943,4.498995022954374e-05,3.0055630152906487
2026-03-29 18:00:00.000,en.wikipedia,971392,Harry_Redknapp,518,3.2796602197804035,4.473089101517016e-05,3.0072509145449535
2026-03-29 18:00:00.000,en.wikipedia,57085323,Amy_Walsh_(actress),516,35.52967757622637,4.455818487225445e-05,31.940214661082738
2026-03-29 18:00:00.000,en.wikipedia,172838,Tim_Rice,515,5.611440472529477,4.447183180079659e-05,5.161202487477843
2026-03-29 18:00:00.000,en.wikipedia,277318,Kate_Jackson,512,17.334206955625937,4.4212772586423015e-05,16.084584902255735
2026-03-29 18:00:00.000,en.wikipedia,54519655,Laurie_Davidson_(actor),510,5.9587162988008116,4.4040066443507304e-05,5.172793864391405
2026-03-29 18:00:00.000,en.wikipedia,63136490,COVID-19_pandemic_in_the_United_States,510,9.466304974752918,4.4040066443507304e-05,7.440738482253535
2026-03-29 18:00:00.000,en.wikipedia,491357,Sean_Bean,506,3.778699110262484,4.3694654157675875e-05,3.4716022563211064
2026-03-29 18:00:00.000,en.wikipedia,76607763,Beauty_in_Black,506,3.7759263943215395,4.3694654157675875e-05,3.814605738559105
2026-03-29 18:00:00.000,en.wikipedia,14975812,Leroy_Fer,506,4.818801768086101,4.3694654157675875e-05,5.222945838006638
2026-03-29 18:00:00.000,en.wikipedia,46684,"Anne,_Queen_of_Great_Britain",505,6.493723213652501,4.3608301086218017e-05,8.230069434107785
2026-03-29 18:00:00.000,en.wikipedia,536018,NCAA_Division_I_women's_basketball_tournament,500,3.8957184904502857,4.317653572892873e-05,3.333875622005176
2026-03-29 18:00:00.000,en.wikipedia,33905,Wallace_Shawn,499,6.455995574023439,4.309018265747087e-05,6.130040749981383
2026-03-29 18:00:00.000,en.wikipedia,25568315,Katherine_Johnson,499,4.297179211502979,4.309018265747087e-05,4.050748207811572
2026-03-29 18:00:00.000,en.wikipedia,61502,List_of_popes,498,9.606747855001853,4.300382958601301e-05,9.883201432061492
2026-03-29 18:00:00.000,en.wikipedia,180230,Annie_Potts,497,4.352885638189736,4.291747651455515e-05,3.5803080870932082
2026-03-29 18:00:00.000,en.wikipedia,716738,Meet_Joe_Black,497,8.96867723001649,4.291747651455515e-05,8.97153583197047
2026-03-29 18:00:00.000,en.wikipedia,3832,Bauhaus,497,30.819080848575716,4.291747651455515e-05,32.88105195809819
2026-03-29 18:00:00.000,en.wikipedia,31151665,Notre_Dame_Fighting_Irish_women's_basketball,496,3.9769919143813937,4.28311234430973e-05,3.752420961370107
2026-03-29 18:00:00.000,en.wikipedia,53941155,MacKenzie_Gore,494,9.14090545356434,4.265841730018158e-05,8.960084879758258
2026-03-29 18:00:00.000,en.wikipedia,61067076,Michael_Thorbjornsen,492,3.6607073103293124,4.2485711157265865e-05,3.4635025444862793
2026-03-29 18:00:00.000,en.wikipedia,98713,John_Ratzenberger,491,8.335253493172035,4.239935808580801e-05,8.025094034308859
2026-03-29 18:00:00.000,en.wikipedia,21780481,James_Rodríguez,484,4.8031148039959595,4.179488658560301e-05,3.67638980307742
2026-03-29 18:00:00.000,en.wikipedia,296388,Lucy_Lawless,484,5.4672076263743135,4.179488658560301e-05,4.557632171646242
2026-03-29 18:00:00.000,en.wikipedia,68685,Bobby_Robson,484,11.903240047559665,4.179488658560301e-05,8.928794088168482
2026-03-29 18:00:00.000,en.wikipedia,58562909,Munetaka_Murakami,480,4.2104573882038565,4.144947429977158e-05,3.3980395004971458
2026-03-29 18:00:00.000,en.wikipedia,51997327,Sadie_Sink,475,4.098557457104349,4.101770894248229e-05,3.88769538347833
2026-03-29 18:00:00.000,en.wikipedia,16800566,Sharpe's_Peril,467,3.1706410968651424,4.0326884370819435e-05,3.102958464520753
2026-03-29 18:00:00.000,en.wikipedia,753740,Dick_Vitale,458,4.637272589786249,3.954970672769871e-05,3.485188572993874
2026-03-29 18:00:00.000,en.wikipedia,58570944,Nikki_Hiltz,452,3.7411500272667504,3.903158829895157e-05,3.5044575331804357
2026-03-29 18:00:00.000,en.wikipedia,26225282,Murder_of_Jennifer_Daugherty,452,5.329170963260861,3.903158829895157e-05,5.125385161197556
2026-03-29 18:00:00.000,en.wikipedia,173637,Stephen_Stills,450,15.658800310246907,3.8858882156035855e-05,15.781839329334762
2026-03-29 18:00:00.000,en.wikipedia,497237,Ananke,445,84.9110769329732,3.842711679874657e-05,71.46448452791533
2026-03-29 18:00:00.000,en.wikipedia,54320822,Jesús_Luzardo,443,10.537546603947886,3.825441065583085e-05,10.379886940162022
2026-03-29 18:00:00.000,en.wikipedia,552843,Glenn_Hoddle,443,7.427846014395966,3.825441065583085e-05,6.991047387146913
2026-03-29 18:00:00.000,en.wikipedia,34410767,Gary_Sánchez,443,56.99274761211926,3.825441065583085e-05,47.12252723700639
2026-03-29 18:00:00.000,en.wikipedia,680175,Colombia_national_football_team,439,4.809175436394636,3.790899836999942e-05,3.6790731533339383
2026-03-29 18:00:00.000,en.wikipedia,64034582,Tate_McRae,439,3.5231802660710674,3.790899836999942e-05,3.2255480356524138
2026-03-29 18:00:00.000,en.wikipedia,69253352,Benson_Boone,439,3.9111832380636473,3.790899836999942e-05,3.601044318662638
2026-03-29 18:00:00.000,en.wikipedia,2678734,Alan_Curbishley,438,54.03020941484277,3.782264529854156e-05,33.736597193141364
2026-03-29 18:00:00.000,en.wikipedia,255887,Jim_Varney,438,9.3055617020464,3.782264529854156e-05,9.044244134038884
2026-03-29 18:00:00.000,en.wikipedia,21188606,Wayne_Knight,438,6.281547761068316,3.782264529854156e-05,5.916837027331204
2026-03-29 18:00:00.000,en.wikipedia,62373517,Tommy_Fury,437,9.587441902752461,3.773629222708371e-05,7.906923767882465
2026-03-29 18:00:00.000,en.wikipedia,5794648,Angels_&_Demons_(film),436,9.02585051088264,3.764993915562585e-05,8.511014160422981
2026-03-29 18:00:00.000,en.wikipedia,330737,Rebecca_Lobo,435,3.690197334716523,3.756358608416799e-05,3.457524211583629
2026-03-29 18:00:00.000,en.wikipedia,740870,Paul_Schrader,433,32.225244693215885,3.739087994125228e-05,27.185504022651653
2026-03-29 18:00:00.000,en.wikipedia,59588212,The_Chosen_(TV_series),429,3.691652117807177,3.7045467655420846e-05,3.1720820829342955
2026-03-29 18:00:00.000,en.wikipedia,27415407,Adran_Premier,428,32.48794420347702,3.6959114583962994e-05,30.954115958569336
2026-03-29 18:00:00.000,en.wikipedia,2331371,Doc_Hollywood,427,5.499789327877816,3.6872761512505135e-05,4.173103095529196
2026-03-29 18:00:00.000,en.wikipedia,3388983,Patrick_Wayne,427,8.539329481493732,3.6872761512505135e-05,8.115632212448215
2026-03-29 18:00:00.000,en.wikipedia,525270,Kill_Bill:_Volume_2,427,13.773909704581053,3.6872761512505135e-05,13.396977146654239
2026-03-29 18:00:00.000,en.wikipedia,3330073,Maria_Ewing,426,6.545506612918935,3.6786408441047277e-05,6.292374138020201
2026-03-29 18:00:00.000,en.wikipedia,4273140,Avatar_(2009_film),424,4.593838785730339,3.661370229813156e-05,3.626608525778379
2026-03-29 18:00:00.000,en.wikipedia,17130,Kelsey_Grammer,423,3.745153763204188,3.652734922667371e-05,3.081669545069737
2026-03-29 18:00:00.000,en.wikipedia,57782491,Toy_Story_4,419,7.4063417516176235,3.618193694084227e-05,7.128071727944411
2026-03-29 18:00:00.000,en.wikipedia,33262850,Wrexham_A.F.C._Women,419,19.26232793020817,3.618193694084227e-05,18.99318846917929
2026-03-29 18:00:00.000,en.wikipedia,1371138,The_Fox_and_the_Hound,419,10.519029539342974,3.618193694084227e-05,10.487504272797635
2026-03-29 18:00:00.000,en.wikipedia,80581107,2026_Nobel_Peace_Prize,418,5.54292880525885,3.609558386938442e-05,4.86620838133043
2026-03-29 18:00:00.000,en.wikipedia,30304757,Property_Brothers,418,21.860340845865995,3.609558386938442e-05,19.881008898930556
2026-03-29 18:00:00.000,en.wikipedia,5095439,Cole_Hamels,418,7.687263232154552,3.609558386938442e-05,7.5159914835024475
2026-03-29 18:00:00.000,en.wikipedia,1343342,Ben-Hur_(1959_film),414,4.999976063551765,3.5750171583552984e-05,4.658078443456408
2026-03-29 18:00:00.000,en.wikipedia,63062500,Min_Woo_Lee,411,3.751445431126838,3.5491112369179414e-05,3.5527278085660483
2026-03-29 18:00:00.000,en.wikipedia,1992029,Jenilee_Harrison,410,21.59803835987302,3.5404759297721555e-05,20.79040975054031
2026-03-29 18:00:00.000,en.wikipedia,16103,John_Wayne,409,3.3712167824540447,3.53184062262637e-05,3.1038509719634666
2026-03-29 18:00:00.000,en.wikipedia,75106073,Chip_Chilla,408,360.58401702423436,3.5232053154805845e-05,170.22470042229054
2026-03-29 18:00:00.000,en.wikipedia,80629070,List_of_Hell's_Paradise_episodes,405,6.078207984227505,3.497299394043227e-05,5.783715217422906
2026-03-29 18:00:00.000,en.wikipedia,23528038,Paris_Jackson,402,4.736062516889123,3.47139347260587e-05,4.413554567831534
2026-03-29 18:00:00.000,en.wikipedia,1213838,Toy_Story_3,397,9.90356574029334,3.428216936876941e-05,10.597457551478222
2026-03-29 18:00:00.000,en.wikipedia,61776827,Nimari_Burnett,392,8.001186423789632,3.3850404011480123e-05,6.391301894666238
2026-03-29 18:00:00.000,en.wikipedia,24162,Pride_and_Prejudice,391,3.5660902157454877,3.3764050940022265e-05,3.35511458642412
2026-03-29 18:00:00.000,en.wikipedia,78695734,Karen_Blick,391,88.85975216910948,3.3764050940022265e-05,90.31915969838596
2026-03-29 18:00:00.000,en.wikipedia,72262257,Wilyer_Abreu,388,11.270856840586994,3.3504991725648695e-05,9.775690923599955
2026-03-29 18:00:00.000,en.wikipedia,935194,In_Harm's_Way,388,6.650121513544916,3.3504991725648695e-05,6.42983948322033
2026-03-29 18:00:00.000,en.wikipedia,45477779,Álex_Palou,386,9.755665625438557,3.333228558273298e-05,9.479224950792416
2026-03-29 18:00:00.000,en.wikipedia,243368,Lara_Flynn_Boyle,385,9.72214302104757,3.324593251127512e-05,9.68235232088092
2026-03-29 18:00:00.000,en.wikipedia,79349652,Women's_Candidates_Tournament_2026,384,4.514714624858539,3.3159579439817266e-05,3.8641864437587836
2026-03-29 18:00:00.000,en.wikipedia,31440148,The_Three-Body_Problem_(novel),383,5.082505063600804,3.307322636835941e-05,5.0425020416636235
2026-03-29 18:00:00.000,en.wikipedia,56484275,Ruja_Ignatova,381,8.1588806178963,3.290052022544369e-05,7.268965019776353
2026-03-29 18:00:00.000,en.wikipedia,70457616,Babatunde_Aléshé,381,90.62337261030018,3.290052022544369e-05,98.78260092521792
2026-03-29 18:00:00.000,en.wikipedia,538901,Antiques_Roadshow,375,13.25131973458196,3.2382401796696543e-05,11.969763501886561
2026-03-29 18:00:00.000,en.wikipedia,20787,Mary_Magdalene,375,4.030181166081768,3.2382401796696543e-05,3.77205773755552
2026-03-29 18:00:00.000,en.wikipedia,76177777,Jake_Knapp,371,14.70891762474725,3.2036989510865115e-05,13.587347844164013
2026-03-29 18:00:00.000,en.wikipedia,76708384,Jana_El-Alfy,370,12.005076059773105,3.1950636439407256e-05,10.64063124453278
2026-03-29 18:00:00.000,en.wikipedia,77762190,Porter_Martone,367,3.9334657328260714,3.1691577225033686e-05,3.7460066434801647
2026-03-29 18:00:00.000,en.wikipedia,4954774,Cleopatra_(1963_film),365,7.435643289720461,3.151887108211797e-05,7.157012650432434
2026-03-29 18:00:00.000,en.wikipedia,129666,Graham_Greene_(actor),365,4.945193192950535,3.151887108211797e-05,4.120662282704715
2026-03-29 18:00:00.000,en.wikipedia,42018684,James_Norton_(actor),363,3.689314135831063,3.134616493920226e-05,3.3364046731239565
2026-03-29 18:00:00.000,en.wikipedia,20800509,Toy_Story_(franchise),362,10.020151571777898,3.12598118677444e-05,10.210667825548745
2026-03-29 18:00:00.000,en.wikipedia,3130904,Desmond_Doss,362,7.704769219693138,3.12598118677444e-05,7.734828997409939
2026-03-29 18:00:00.000,en.wikipedia,50856816,Brodie_Croft,362,31.159838824287192,3.12598118677444e-05,31.84191532860619
2026-03-29 18:00:00.000,en.wikipedia,34210,XXX_(disambiguation),361,6.956316056322677,3.117345879628654e-05,5.156743704884596
2026-03-29 18:00:00.000,en.wikipedia,79890122,Leader_of_the_New_Democratic_Party,359,3.5183726218283202,3.100075265337083e-05,3.369211338507229
2026-03-29 18:00:00.000,en.wikipedia,17396,Kid_Rock,358,3.7433287571837557,3.091439958191297e-05,3.2699890976158352
2026-03-29 18:00:00.000,en.wikipedia,24027901,Shannon_Bream,358,5.752918354710393,3.091439958191297e-05,4.418894742466501
2026-03-29 18:00:00.000,en.wikipedia,8511358,IndyCar_Series,358,6.820571290816303,3.091439958191297e-05,6.399778567356576
2026-03-29 18:00:00.000,en.wikipedia,2592546,Lucy_Fleming,353,5.607279372487244,3.0482634224623683e-05,4.645954064963717
2026-03-29 18:00:00.000,en.wikipedia,33190128,Orion_(spacecraft),351,5.825399515117886,3.030992808170797e-05,5.3857632360747525
2026-03-29 18:00:00.000,en.wikipedia,2905,Artemis,348,4.349888574538739,3.0050868867334395e-05,4.369092315477863
2026-03-29 18:00:00.000,en.wikipedia,2208229,Ken_Howard,348,4.280139985772539,3.0050868867334395e-05,3.7496441412699695
2026-03-29 18:00:00.000,en.wikipedia,81730519,Kayleigh_Heckel,347,3.821864967030137,2.9964515795876537e-05,3.6738091319436235
2026-03-29 18:00:00.000,en.wikipedia,414308,Tom_Sizemore,346,5.671804926374444,2.987816272441868e-05,5.137036412574251
2026-03-29 18:00:00.000,en.wikipedia,50493439,Artemis_III,345,5.144750808527906,2.9791809652960822e-05,4.883512027995307
2026-03-29 18:00:00.000,en.wikipedia,48752610,Morgan_Spector,344,5.797167996071025,2.9705456581502963e-05,5.464251170494254
2026-03-29 18:00:00.000,en.wikipedia,3888279,Arizona_Western_Matadors,343,4.0205069198629415,2.9619103510045108e-05,3.1689169784729643
2026-03-29 18:00:00.000,en.wikipedia,33331329,Jagmeet_Singh,343,4.17647191536361,2.9619103510045108e-05,3.892868515335105
2026-03-29 18:00:00.000,en.wikipedia,997847,Phyllis_Kirk,342,11.853198234695574,2.953275043858725e-05,9.463047226629024
2026-03-29 18:00:00.000,en.wikipedia,34368668,Toronto_Blue_Jays_mascots,340,42.9583488892714,2.9360044295671535e-05,34.46708463275049
2026-03-29 18:00:00.000,en.wikipedia,53073024,John_Smyth_(barrister),340,8.761413539688672,2.9360044295671535e-05,8.34647782924017
2026-03-29 18:00:00.000,en.wikipedia,76999409,2026_United_States_Senate_election_in_Alaska,339,9.782496463361914,2.9273691224213676e-05,9.823296026201913
2026-03-29 18:00:00.000,en.wikipedia,37292533,Jimmy_Savile_sexual_abuse_scandal,339,7.037514475103444,2.9273691224213676e-05,5.016680155887477
2026-03-29 18:00:00.000,en.wikipedia,74011,High_Noon,336,26.865376904967803,2.9014632009840106e-05,27.795904449784775
2026-03-29 18:00:00.000,en.wikipedia,37703612,Christian_Vázquez,335,34.12789824335509,2.8928278938382247e-05,32.09253287720118
2026-03-29 18:00:00.000,en.wikipedia,9031174,Scream_(franchise),334,3.7440508905243375,2.884192586692439e-05,3.8658203245990825
2026-03-29 18:00:00.000,en.wikipedia,62108712,Jim_Browner,334,3.191203647267984,2.884192586692439e-05,3.1258749084479684
2026-03-29 18:00:00.000,en.wikipedia,64503416,Andrew_Callaghan,333,4.0425975184138645,2.8755572795466533e-05,3.0387377494275998
2026-03-29 18:00:00.000,en.wikipedia,1339563,Strange_Days_(film),332,7.706174256780506,2.8669219724008674e-05,6.750780942243934
2026-03-29 18:00:00.000,en.wikipedia,301314,Kill_Bill:_Volume_1,332,3.726226102695777,2.8669219724008674e-05,3.542706678639919
2026-03-29 18:00:00.000,en.wikipedia,82679780,List_of_U.S._soldiers_killed_during_the_2026_Iran_war,331,3.9710403952171163,2.858286665255082e-05,3.0999396689181187
2026-03-29 18:00:00.000,en.wikipedia,25813358,Avatar:_The_Way_of_Water,330,5.019913630525595,2.849651358109296e-05,3.965593774132811
2026-03-29 18:00:00.000,en.wikipedia,60695049,Tristan_Gray,330,32.69829844854265,2.849651358109296e-05,32.874181461447925
2026-03-29 18:00:00.000,en.wikipedia,277587,Harold_Ramis,330,4.9130390848255034,2.849651358109296e-05,4.450843310053425
2026-03-29 18:00:00.000,en.wikipedia,690131,Bad_Girls_(1994_film),328,99.30237009458418,2.8323807438177246e-05,99.62439712734688
2026-03-29 18:00:00.000,en.wikipedia,9175708,Ryan_Sampson,327,4.145319073620631,2.8237454366719387e-05,3.460220771084113
2026-03-29 18:00:00.000,en.wikipedia,331074,Dundee_United_F.C.,327,21.372757570842154,2.8237454366719387e-05,20.439450225295523
2026-03-29 18:00:00.000,en.wikipedia,177756,Ann_Harding,326,18.903059889182373,2.815110129526153e-05,19.282103457877948
2026-03-29 18:00:00.000,en.wikipedia,64963,Édith_Piaf,324,3.5624056473122883,2.7978395152345817e-05,3.311615525740927
2026-03-29 18:00:00.000,en.wikipedia,869077,Nicole_Appleton,324,4.30803890503581,2.7978395152345817e-05,3.9385134612777484
2026-03-29 18:00:00.000,en.wikipedia,6816083,Pablo_Schreiber,323,6.444743669244071,2.789204208088796e-05,5.5647402959248415
2026-03-29 18:00:00.000,en.wikipedia,73442969,Rhett_Lowder,321,3.5920705457005946,2.7719335937972244e-05,3.4830742512664616
2026-03-29 18:00:00.000,en.wikipedia,1654795,Kamala_(wrestler),321,6.538333931875778,2.7719335937972244e-05,6.366959672701363
2026-03-29 18:00:00.000,en.wikipedia,46560390,Long-term_nuclear_waste_warning_messages,321,4.768341881504201,2.7719335937972244e-05,4.504924863711033
2026-03-29 18:00:00.000,en.wikipedia,69140545,David_Popkins,320,12.334467717567273,2.7632982866514385e-05,9.972544474944188
2026-03-29 18:00:00.000,en.wikipedia,9627444,Pampas_cat,320,4.016999808724816,2.7632982866514385e-05,3.9326426524748506
2026-03-29 18:00:00.000,en.wikipedia,26959503,Holly_Barton,319,137.66397002871818,2.754662979505653e-05,123.6305803429418
2026-03-29 18:00:00.000,en.wikipedia,64018742,Death_of_Ellen_Greenberg,316,24.267207389535308,2.7287570580682957e-05,23.34078756231297
2026-03-29 18:00:00.000,en.wikipedia,41108702,Tyler_Reddick,315,5.768033273309604,2.7201217509225098e-05,5.230854538994368
2026-03-29 18:00:00.000,en.wikipedia,77276734,Cassandre_Prosper,313,4.649704202896854,2.7028511366309383e-05,4.406980184989512
2026-03-29 18:00:00.000,en.wikipedia,68905881,46th_Canadian_federal_election,313,3.559754211744436,2.7028511366309383e-05,3.3267443728397876
2026-03-29 18:00:00.000,en.wikipedia,704720,Lisa_Rinna,313,4.583373775480022,2.7028511366309383e-05,3.961200760795988
2026-03-29 18:00:00.000,en.wikipedia,71556764,"I_Got_a_Cheat_Skill_in_Another_World_and_Became_Unrivaled_in_the_Real_World,_Too",310,5.609781250915123,2.676945215193581e-05,5.094741193043745
2026-03-29 18:00:00.000,en.wikipedia,44853982,Spectre_(2015_film),310,4.331773195887835,2.676945215193581e-05,3.520004114046377
2026-03-29 18:00:00.000,en.wikipedia,21632,Nero,309,3.3628437643243863,2.6683099080477955e-05,3.5933260475274116
2026-03-29 18:00:00.000,en.wikipedia,1244979,Geraldine_McEwan,308,7.448964635047709,2.6596746009020096e-05,6.497044350874379
2026-03-29 18:00:00.000,en.wikipedia,58702,John_Glenn,308,4.5406799863546885,2.6596746009020096e-05,4.306388169622475
2026-03-29 18:00:00.000,en.wikipedia,79239836,Vivian_Wilson,307,5.08688285032785,2.651039293756224e-05,5.2090044087776946
2026-03-29 18:00:00.000,en.wikipedia,54614792,Tanya_Reynolds,306,4.823407499966982,2.6424039866104382e-05,4.493324990339716
2026-03-29 18:00:00.000,en.wikipedia,2071919,Kaye_Adams,306,101.32497224277931,2.6424039866104382e-05,98.3039814185469
2026-03-29 18:00:00.000,en.wikipedia,36884961,Jack_Ryan:_Shadow_Recruit,304,28.91310621567972,2.6251333723188667e-05,23.78215061133201
2026-03-29 18:00:00.000,en.wikipedia,643710,Michael_Madsen,304,3.513697058281361,2.6251333723188667e-05,3.0057991425117963
2026-03-29 18:00:00.000,en.wikipedia,64203,Zaragoza,303,16.348306953713262,2.616498065173081e-05,14.69691340687122
2026-03-29 18:00:00.000,en.wikipedia,294808,Franklin_Graham,301,3.4588316040119023,2.5992274508815094e-05,3.0301069094951947
2026-03-29 18:00:00.000,en.wikipedia,2438660,Lufthansa_heist,301,11.164216609736835,2.5992274508815094e-05,7.71797076647451
2026-03-29 18:00:00.000,en.wikipedia,23635804,Debbie_Rowe,301,5.825176304946387,2.5992274508815094e-05,5.243019142826061
2026-03-29 18:00:00.000,en.wikipedia,16547,Joachim_von_Ribbentrop,300,5.782275049904188,2.5905921437357235e-05,5.56464409778902
2026-03-29 18:00:00.000,en.wikipedia,76025637,A_Big_Bold_Beautiful_Journey,300,8.177842954368687,2.5905921437357235e-05,7.704041393681505
2026-03-29 18:00:00.000,en.wikipedia,79527474,2025–26_Michigan_Wolverines_men's_basketball_team,300,5.024616440929302,2.5905921437357235e-05,3.7238279768322466
2026-03-29 18:00:00.000,en.wikipedia,58517862,Vinai_Venkatesham,299,5.255405083398763,2.581956836589938e-05,5.131733176358163
2026-03-29 18:00:00.000,en.wikipedia,42386852,Tommy_Dewey,298,182.52994859778494,2.573321529444152e-05,101.49495032919934
2026-03-29 18:00:00.000,en.wikipedia,62044964,Hell's_Paradise:_Jigokuraku,297,5.081691471464367,2.5646862222983666e-05,4.555423000667802
2026-03-29 18:00:00.000,en.wikipedia,241655,Curt_Schilling,295,5.754869335436905,2.5474156080067948e-05,5.175528916107933
2026-03-29 18:00:00.000,en.wikipedia,1745515,Richard_Griffiths,295,4.006522054082762,2.5474156080067948e-05,3.031190399547623
2026-03-29 18:00:00.000,en.wikipedia,2173342,Two_Mules_for_Sister_Sara,293,17.795754720564286,2.5301449937152234e-05,13.658729673229276
2026-03-29 18:00:00.000,en.wikipedia,72720760,The_Resurrection_of_the_Christ:_Part_One,293,4.106397649927901,2.5301449937152234e-05,3.6499892497114037
2026-03-29 18:00:00.000,en.wikipedia,3148980,Chris_Hughton,293,3.2317185133440134,2.5301449937152234e-05,3.0112132445053894
2026-03-29 18:00:00.000,en.wikipedia,2600885,Dale_Midkiff,290,15.057784559783727,2.504239072277866e-05,14.440792252984991
2026-03-29 18:00:00.000,en.wikipedia,2337151,Niamh_Cusack,289,4.724162805580079,2.4956037651320805e-05,4.311166371117098
2026-03-29 18:00:00.000,en.wikipedia,1231332,Thomas_DeSimone,289,5.603180887214481,2.4956037651320805e-05,4.335879975069842
2026-03-29 18:00:00.000,en.wikipedia,59702217,Ghostbusters:_Afterlife,287,4.341669914438968,2.478333150840509e-05,4.039429099554912
2026-03-29 18:00:00.000,en.wikipedia,1910215,John_Simm,287,4.252832269207009,2.478333150840509e-05,3.8221478002549576
2026-03-29 18:00:00.000,en.wikipedia,69448405,Wonder_Man_(TV_series),286,3.2774843013277746,2.4696978436947232e-05,3.253729596574006
2026-03-29 18:00:00.000,en.wikipedia,174284,Charlie's_Angels,285,12.033136722028074,2.4610625365489377e-05,11.550890647894784
2026-03-29 18:00:00.000,en.wikipedia,12504525,Beatrice_Rosen,285,5.023397879118132,2.4610625365489377e-05,4.928939077522121
2026-03-29 18:00:00.000,en.wikipedia,7161299,Rebel_Wilson,284,4.028190780244582,2.4524272294031518e-05,3.824912178426996
2026-03-29 18:00:00.000,en.wikipedia,3337457,Jackson_family,283,5.6885011013189875,2.443791922257366e-05,4.65551675730644
2026-03-29 18:00:00.000,en.wikipedia,156594,Louis_Calhern,281,9.44603440736379,2.4265213079657945e-05,7.98762340299354
2026-03-29 18:00:00.000,en.wikipedia,60843437,Artemis_IV,281,5.509024807246484,2.4265213079657945e-05,5.222836435637381
2026-03-29 18:00:00.000,en.wikipedia,8474655,Imogen_Poots,280,4.94001177067727,2.417886000820009e-05,4.042924210168968
2026-03-29 18:00:00.000,en.wikipedia,143298,"Sarah_Churchill,_Duchess_of_Marlborough",280,23.384315191582978,2.417886000820009e-05,23.654712306293703
2026-03-29 18:00:00.000,en.wikipedia,1347392,Dougray_Scott,279,4.449978287636615,2.409250693674223e-05,4.232415636723337
2026-03-29 18:00:00.000,en.wikipedia,3834822,Hombre_(film),278,17.066050139009082,2.400615386528437e-05,16.938776429114395
2026-03-29 18:00:00.000,en.wikipedia,75572034,Greenland_2:_Migration,278,3.969596289219278,2.400615386528437e-05,3.6448621170316673
2026-03-29 18:00:00.000,en.wikipedia,1079304,Paul_Nash_(artist),276,48.72717258206272,2.3833447722368657e-05,47.53878635687218
2026-03-29 18:00:00.000,en.wikipedia,40133646,Avatar_(franchise),276,4.646870718243394,2.3833447722368657e-05,3.940854661194515
2026-03-29 18:00:00.000,en.wikipedia,73970693,Journal_with_Witch,273,7.082982395572807,2.3574388507995084e-05,6.436951924631188
2026-03-29 18:00:00.000,en.wikipedia,64403322,Tova_O'Brien,272,4.4317781785856125,2.348803543653723e-05,4.3692593585378745
2026-03-29 18:00:00.000,en.wikipedia,387583,Calvary,272,6.074199226962866,2.348803543653723e-05,5.60273834363692
2026-03-29 18:00:00.000,en.wikipedia,869076,Natalie_Appleton,272,4.017878486615342,2.348803543653723e-05,3.6711625017164096
2026-03-29 18:00:00.000,en.wikipedia,5905720,List_of_Toy_Story_characters,271,7.3367353978378755,2.340168236507937e-05,7.247911881232753
2026-03-29 18:00:00.000,en.wikipedia,1237996,Nicky_Hayden,271,14.018625663526008,2.340168236507937e-05,13.629897262375707
2026-03-29 18:00:00.000,en.wikipedia,168263,Coolio,270,5.196032076239549,2.3315329293621514e-05,5.272653099847707
2026-03-29 18:00:00.000,en.wikipedia,34130,WarGames,270,3.485590365358172,2.3315329293621514e-05,3.0175385999088276
2026-03-29 18:00:00.000,en.wikipedia,22418918,Tony_Maudsley,270,5.549353418463158,2.3315329293621514e-05,4.925003894326772
2026-03-29 18:00:00.000,en.wikipedia,15525085,Nikola_Karabatić,269,68.83972711448732,2.3228976222163655e-05,44.6598960717317
2026-03-29 18:00:00.000,en.wikipedia,314026,Grace_Slick,268,4.649897202660472,2.3142623150705797e-05,4.45893541798604
2026-03-29 18:00:00.000,en.wikipedia,595,Andre_Agassi,268,6.4610961629967445,2.3142623150705797e-05,5.660545822853872
2026-03-29 18:00:00.000,en.wikipedia,80636321,Hell's_Paradise_(TV_series),268,5.829464827425526,2.3142623150705797e-05,5.437534285120721
2026-03-29 18:00:00.000,en.wikipedia,54000320,List_of_most-liked_Instagram_posts,268,13.235906806627412,2.3142623150705797e-05,10.386350970559162
2026-03-29 18:00:00.000,en.wikipedia,461787,Peter_Hall_(director),266,5.865258653791811,2.2969917007790082e-05,5.594370041969626
2026-03-29 18:00:00.000,en.wikipedia,693427,Bobby_Rahal,266,7.41557231348278,2.2969917007790082e-05,7.266471226942985
2026-03-29 18:00:00.000,en.wikipedia,19849,March_30,266,5.689231005506023,2.2969917007790082e-05,4.27699645952896
2026-03-29 18:00:00.000,en.wikipedia,33785393,Haider_Ackermann,263,8.861605593398712,2.2710857793416513e-05,8.348092787900772
2026-03-29 18:00:00.000,en.wikipedia,23404081,Death_of_Michael_Jackson,262,5.3548724579503375,2.2624504721958654e-05,5.123626205473417
2026-03-29 18:00:00.000,en.wikipedia,424298,René_Auberjonois,262,10.853081451738886,2.2624504721958654e-05,9.348697577623055
2026-03-29 18:00:00.000,en.wikipedia,72261611,JuJu_Watkins,261,4.72796842689034,2.2538151650500795e-05,4.041526252050502
2026-03-29 18:00:00.000,en.wikipedia,71197100,Nolan_McLean,260,5.031675551915217,2.245179857904294e-05,4.83936587096053
2026-03-29 18:00:00.000,en.wikipedia,74602557,Carter_Jensen,260,7.643601270254276,2.245179857904294e-05,6.313012001244306
2026-03-29 18:00:00.000,en.wikipedia,3772886,Ayelet_Zurer,260,5.558708156427396,2.245179857904294e-05,4.8841984134156595
2026-03-29 18:00:00.000,en.wikipedia,1364371,Sinéad_Cusack,255,3.580785813859412,2.2020033221753652e-05,3.3002548368228366
2026-03-29 18:00:00.000,en.wikipedia,73480247,Candidates_Tournament_2024,255,6.039799810351096,2.2020033221753652e-05,5.185524582333514
2026-03-29 18:00:00.000,en.wikipedia,982480,John_Carter_(film),255,9.894102499113933,2.2020033221753652e-05,8.432134449864519
2026-03-29 18:00:00.000,en.wikipedia,538605,Edward_Furlong,254,5.516956048684094,2.1933680150295793e-05,4.394918211794481
2026-03-29 18:00:00.000,en.wikipedia,315701,Jodi_Benson,254,8.764252016565724,2.1933680150295793e-05,8.489008123589725
2026-03-29 18:00:00.000,en.wikipedia,40880520,Steven_Matz,251,20.823407309694797,2.167462093592222e-05,20.67971827606788
2026-03-29 18:00:00.000,en.wikipedia,7573062,Michael_Landes,251,9.032175731299514,2.167462093592222e-05,8.863202926687979
2026-03-29 18:00:00.000,en.wikipedia,44116224,Jorge_Mateo,250,15.967670724596788,2.1588267864464365e-05,14.610070789212253
2026-03-29 18:00:00.000,en.wikipedia,90685,Debi_Mazar,249,4.665876094290776,2.1501914793006506e-05,3.980723317603691
2026-03-29 18:00:00.000,en.wikipedia,5533829,Jessie_(Toy_Story),249,9.044683454740555,2.1501914793006506e-05,8.841186371488915
2026-03-29 18:00:00.000,en.wikipedia,7031132,Perfume:_The_Story_of_a_Murderer_(film),248,5.461258837331058,2.141556172154865e-05,5.130348723368346
2026-03-29 18:00:00.000,en.wikipedia,54573,Cadbury,248,6.876423655941904,2.141556172154865e-05,5.692562618572754
2026-03-29 18:00:00.000,en.wikipedia,6040474,Karen_Friedman_Hill,246,4.605917933128969,2.1242855578632933e-05,3.2917088012649547
2026-03-29 18:00:00.000,en.wikipedia,49677793,Andrew_Scarborough,246,9.687521442998161,2.1242855578632933e-05,6.214798794381537
2026-03-29 18:00:00.000,en.wikipedia,8202728,The_World_According_to_Garp_(film),245,11.310533189950538,2.1156502507175077e-05,8.909578654111135
2026-03-29 18:00:00.000,en.wikipedia,29078287,Mateo_Kovačić,243,14.368914288388629,2.0983796364259363e-05,11.675336722844381
2026-03-29 18:00:00.000,en.wikipedia,52626610,Christian_Lundgaard,240,5.570452520731403,2.072473714988579e-05,5.511322557697112
2026-03-29 18:00:00.000,en.wikipedia,2477208,Joe_Ranft,239,10.865941211442795,2.063838407842793e-05,10.499284658589639
2026-03-29 18:00:00.000,en.wikipedia,1533111,Jesse_Metcalfe,237,5.0038335976006225,2.0465677935512217e-05,4.684285917901894
2026-03-29 18:00:00.000,en.wikipedia,148628,Donald_Pleasence,237,7.630705559254782,2.0465677935512217e-05,6.9112810039177255
2026-03-29 18:00:00.000,en.wikipedia,70453714,Toby-Alexander_Smith,235,23.46346073049794,2.0292971792596502e-05,20.358626154431445
2026-03-29 18:00:00.000,en.wikipedia,33938394,Tom_Cotton,235,10.841259624199306,2.0292971792596502e-05,10.441463480274235
2026-03-29 18:00:00.000,en.wikipedia,51584,Eva_Perón,233,3.5657496388024947,2.0120265649680788e-05,3.2300859184959294
2026-03-29 18:00:00.000,en.wikipedia,36641570,Artemis_I,233,6.1001734184968,2.0120265649680788e-05,5.687021690105581
2026-03-29 18:00:00.000,en.wikipedia,4381332,2003_NCAA_Division_I_men's_basketball_tournament,233,4.898132601121442,2.0120265649680788e-05,3.5480527740019197
2026-03-29 18:00:00.000,en.wikipedia,467663,Ronan_Keating,233,5.604122488752847,2.0120265649680788e-05,3.902148230553512
2026-03-29 18:00:00.000,en.wikipedia,16454230,Lost_(TV_series),231,4.006073771690603,1.9947559506765074e-05,3.846970160094063
2026-03-29 18:00:00.000,en.wikipedia,44359,Gary_Cooper,231,7.088379346877932,1.9947559506765074e-05,6.958916828967482
2026-03-29 18:00:00.000,en.wikipedia,241113,Dikembe_Mutombo,231,7.755726737486945,1.9947559506765074e-05,6.544044724760811
2026-03-29 18:00:00.000,en.wikipedia,31368179,Space_Launch_System,231,5.2904188055738715,1.9947559506765074e-05,5.2279059577257065
2026-03-29 18:00:00.000,en.wikipedia,18482905,List_of_Coronation_Street_characters,230,3.741400749384459,1.9861206435307215e-05,3.2718810655184467
2026-03-29 18:00:00.000,en.wikipedia,18485307,Capirote,229,3.989776337415626,1.9774853363849356e-05,3.4570407621065473
2026-03-29 18:00:00.000,en.wikipedia,9481437,Lynn_Collins,228,16.34526826276893,1.96885002923915e-05,13.570431198178433
2026-03-29 18:00:00.000,en.wikipedia,3261296,Ann_Cusack,228,6.776414593959257,1.96885002923915e-05,5.5906284872797745
2026-03-29 18:00:00.000,en.wikipedia,18891433,R._Scott_Gemmill,227,5.016442377650407,1.9602147220933642e-05,4.6683850591045335
2026-03-29 18:00:00.000,en.wikipedia,79605216,Penny_Lane_(model),227,6.134669910046031,1.9602147220933642e-05,5.95783712749559
2026-03-29 18:00:00.000,en.wikipedia,84487,Cognac,227,16.36010699129429,1.9602147220933642e-05,17.277891951328012
2026-03-29 18:00:00.000,en.wikipedia,3410125,Sam_Burgess,227,4.834800663245893,1.9602147220933642e-05,4.607701997811924
2026-03-29 18:00:00.000,en.wikipedia,41890130,Pitch_Perfect_2,227,5.136164434788185,1.9602147220933642e-05,4.863866563731107
2026-03-29 18:00:00.000,en.wikipedia,10837948,Fabiano_Caruana,226,8.14468681805731,1.9515794149475786e-05,7.33595105894465
2026-03-29 18:00:00.000,en.wikipedia,1719389,Martinsville_Speedway,225,3.3944935137770655,1.9429441078017927e-05,3.1011591019793685
2026-03-29 18:00:00.000,en.wikipedia,1134660,Cliff_Curtis,224,5.60973432110383,1.934308800656007e-05,4.084806640756097
2026-03-29 18:00:00.000,en.wikipedia,75936044,World_Chess_Championship_2026,223,4.543726047790322,1.9256734935102213e-05,3.7243548871679075
2026-03-29 18:00:00.000,en.wikipedia,79979671,Opinion_polling_for_the_46th_Canadian_federal_election,222,3.2757762057910575,1.9170381863644354e-05,3.146750437344712
2026-03-29 18:00:00.000,en.wikipedia,10531315,Lauren_Cohan,222,6.987345225741574,1.9170381863644354e-05,5.449705772458517
2026-03-29 18:00:00.000,en.wikipedia,23750094,Indy_Grand_Prix_of_Alabama,221,4.389229659911114,1.90840287921865e-05,4.214874636787571
2026-03-29 18:00:00.000,en.wikipedia,51242508,Finn_Wolfhard,221,3.3566039540345924,1.90840287921865e-05,3.0706443915104455
2026-03-29 18:00:00.000,en.wikipedia,52517350,Disobedience_(2017_film),221,6.462066919238195,1.90840287921865e-05,5.158437759612579
2026-03-29 18:00:00.000,en.wikipedia,1224912,Dickie_Moore_(actor),221,12.5,1.90840287921865e-05,12.197827594810772
2026-03-29 18:00:00.000,en.wikipedia,340560,Anne_Archer,220,9.521358884144494,1.899767572072864e-05,7.904450216265341
2026-03-29 18:00:00.000,en.wikipedia,69994386,Poppy_Gilbert,220,4.727120438480229,1.899767572072864e-05,4.25083385372409
2026-03-29 18:00:00.000,en.wikipedia,2395003,Mariette_Hartley,220,5.093063360340691,1.899767572072864e-05,4.250154953756947
2026-03-29 18:00:00.000,en.wikipedia,3455455,Kathryn_Harrold,219,4.877193944740939,1.891132264927078e-05,3.6741944430684246
2026-03-29 18:00:00.000,en.wikipedia,65677,Sumerian_language,219,7.324919509705108,1.891132264927078e-05,7.05632005271499
2026-03-29 18:00:00.000,en.wikipedia,28962227,The_Great_British_Bake_Off,218,4.452542034375815,1.8824969577812926e-05,4.212604413143362
2026-03-29 18:00:00.000,en.wikipedia,65843543,Barry_Baltus,218,11.431035185005944,1.8824969577812926e-05,10.471283953508362
2026-03-29 18:00:00.000,en.wikipedia,1445197,Katherine_Jackson,218,4.172689756062163,1.8824969577812926e-05,3.3304112223262865
2026-03-29 18:00:00.000,en.wikipedia,1409614,Randy_Jackson_(Jacksons_singer),217,5.894379485577192,1.8738616506355067e-05,4.820068696730809
2026-03-29 18:00:00.000,en.wikipedia,46218338,Tyler_O'Neill,217,4.156735985655501,1.8738616506355067e-05,3.603692967662662
2026-03-29 18:00:00.000,en.wikipedia,46403,Passover_Seder,217,3.366472353243465,1.8738616506355067e-05,3.1655702244167148
2026-03-29 18:00:00.000,en.wikipedia,676909,The_Terminal,216,4.53010175412257,1.865226343489721e-05,3.94557574009937
2026-03-29 18:00:00.000,en.wikipedia,673599,Men_in_Black_II,216,14.133065876629347,1.865226343489721e-05,13.514387190698006
2026-03-29 18:00:00.000,en.wikipedia,22488385,Amber_Rose,215,5.125458042216519,1.8565910363439353e-05,4.3619335926368015
2026-03-29 18:00:00.000,en.wikipedia,955329,Robert_Lansing_(actor),215,4.079506091607247,1.8565910363439353e-05,3.9232299983208745
2026-03-29 18:00:00.000,en.wikipedia,408097,"Landover,_Maryland",214,18.41248601327129,1.8479557291981497e-05,15.41941975010732
2026-03-29 18:00:00.000,en.wikipedia,874218,Nia_Long,214,4.209507205531873,1.8479557291981497e-05,3.2611026316172715
2026-03-29 18:00:00.000,en.wikipedia,195306,Harvey_Milk,214,4.077440506875933,1.8479557291981497e-05,3.4895264036324067
2026-03-29 18:00:00.000,en.wikipedia,336790,Madeleine_Stowe,214,6.615958621250471,1.8479557291981497e-05,5.637255182399704
2026-03-29 18:00:00.000,en.wikipedia,12764987,Romain_Grosjean,213,4.2415176623933855,1.8393204220523638e-05,3.771305954610562
2026-03-29 18:00:00.000,en.wikipedia,164640,Steffi_Graf,213,4.303038893159415,1.8393204220523638e-05,3.7332178634682776
2026-03-29 18:00:00.000,en.wikipedia,37816459,Bennet_family,213,4.783137949165143,1.8393204220523638e-05,4.038529611099865
2026-03-29 18:00:00.000,en.wikipedia,15067484,Georgiana_Young,211,3.6802463869532143,1.8220498077607924e-05,3.1482329342360615
2026-03-29 18:00:00.000,en.wikipedia,454655,The_Wedding_Singer,210,5.77098001408597,1.8134145006150065e-05,5.53991308796239
2026-03-29 18:00:00.000,en.wikipedia,31926803,Aaron_Sanchez_(baseball),210,10.504386030674578,1.8134145006150065e-05,9.977865546023802
2026-03-29 18:00:00.000,en.wikipedia,618468,Nick_Saban,209,7.548699300283581,1.804779193469221e-05,6.421578236905811
2026-03-29 18:00:00.000,en.wikipedia,1074424,Lou_Pearlman,209,3.838545621604993,1.804779193469221e-05,3.3800511241494444
2026-03-29 18:00:00.000,en.wikipedia,3663695,Ruth_Jones,209,3.9010969156776683,1.804779193469221e-05,3.1574729411319793
2026-03-29 18:00:00.000,en.wikipedia,69981612,The_Teacher_(2022_TV_series),208,3.667770955435906,1.796143886323435e-05,3.2991108017919624
2026-03-29 18:00:00.000,en.wikipedia,1992614,Francesinha,208,18.170814126591967,1.796143886323435e-05,17.333323971797054
2026-03-29 18:00:00.000,en.wikipedia,22986084,Oona_Chaplin,207,4.547546033914358,1.7875085791776492e-05,4.238675267099965
2026-03-29 18:00:00.000,en.wikipedia,48607950,Seth_Lugo,207,5.065805645495034,1.7875085791776492e-05,5.016520110894127
2026-03-29 18:00:00.000,en.wikipedia,1770429,Grandma_Gatewood,206,3.5715349040496163,1.7788732720318637e-05,3.089771444527108
2026-03-29 18:00:00.000,en.wikipedia,1521456,Noel_Fielding,206,4.548568518518868,1.7788732720318637e-05,3.755146716585294
2026-03-29 18:00:00.000,en.wikipedia,4403025,The_Wrong_Guy,206,4.303472373116138,1.7788732720318637e-05,3.3687621971971984
2026-03-29 18:00:00.000,en.wikipedia,6767756,Ben_Daniels,205,9.0865070981725,1.7702379648860778e-05,8.928133778670507
2026-03-29 18:00:00.000,en.wikipedia,514952,Bubba_Sparxxx,205,8.118175270270873,1.7702379648860778e-05,6.111521172678955
2026-03-29 18:00:00.000,en.wikipedia,19992,Murad_IV,204,5.589159125909177,1.7616026577402922e-05,5.29934724069527
2026-03-29 18:00:00.000,en.wikipedia,473291,Mary_Kay_Bergman,204,10.22629413672227,1.7616026577402922e-05,9.727332956867544
2026-03-29 18:00:00.000,en.wikipedia,198064,Tuskegee_Syphilis_Study,203,8.761274201372698,1.7529673505945063e-05,8.357122500601347
2026-03-29 18:00:00.000,en.wikipedia,1198098,Aruba_national_football_team,203,3.4545321926541104,1.7529673505945063e-05,3.0676433132377876
2026-03-29 18:00:00.000,en.wikipedia,727910,Kenny_Chesney,201,4.029695932883514,1.735696736302935e-05,3.398699254882494
2026-03-29 18:00:00.000,en.wikipedia,16176803,Mary_Peltola,201,11.066822672201317,1.735696736302935e-05,10.960259168989628
2026-03-29 18:00:00.000,en.wikipedia,931893,Pauline_McLynn,200,21.30818560755093,1.727061429157149e-05,18.958857787607723
2026-03-29 18:00:00.000,en.wikipedia,76146203,End_of_Beginning,200,20.04115985829903,1.727061429157149e-05,19.36723445121334
2026-03-29 18:00:00.000,en.wikipedia,924767,Sleeping_with_the_Enemy,200,5.63793874251064,1.727061429157149e-05,5.148716799572643
2026-03-29 18:00:00.000,en.wikipedia,15690014,Janice_Hadlow,199,4.493816580785802,1.7184261220113635e-05,3.9102169092726937
2026-03-29 18:00:00.000,en.wikipedia,1009575,Cadbury_Creme_Egg,197,9.748388897629258,1.7011555077197917e-05,9.937606179275686
2026-03-29 18:00:00.000,en.wikipedia,2400401,Gloria_Talbott,197,4.266642893840519,1.7011555077197917e-05,4.023626894108384
2026-03-29 18:00:00.000,en.wikipedia,36109442,Leslie_Jones_(comedian),196,3.668168631429211,1.6925202005740062e-05,3.2377805668420008
2026-03-29 18:00:00.000,en.wikipedia,45040968,Tyler_Heineman,196,18.517768469162014,1.6925202005740062e-05,17.865798253628075
2026-03-29 18:00:00.000,en.wikipedia,18247133,George_Galloway,196,4.998844832384668,1.6925202005740062e-05,3.9756067832026547
2026-03-29 18:00:00.000,en.wikipedia,55708000,Margo_Haddad,195,4.802259593088487,1.6838848934282203e-05,4.258603062618896
2026-03-29 18:00:00.000,en.wikipedia,80051371,Destination_X_(TV_series),194,54.2431942590235,1.6752495862824347e-05,40.67307393247671
2026-03-29 18:00:00.000,en.wikipedia,60331998,Nilüfer_Yanya,194,44.203543725726774,1.6752495862824347e-05,38.86117591556457
2026-03-29 18:00:00.000,en.wikipedia,3722405,John_Beilein,193,4.824122784959903,1.666614279136649e-05,3.7090322406328506
2026-03-29 18:00:00.000,en.wikipedia,2716500,List_of_Emmerdale_characters,192,7.8923577940017955,1.6579789719908633e-05,7.3419283945134435
2026-03-29 18:00:00.000,en.wikipedia,74947242,Gaussian_splatting,192,5.945662115356595,1.6579789719908633e-05,5.239959893288454
2026-03-29 18:00:00.000,en.wikipedia,62368658,Missy_Bo_Kearns,192,19.67988854757651,1.6579789719908633e-05,13.12673674504497
2026-03-29 18:00:00.000,en.wikipedia,1659125,Paul_Vario,192,4.62406989993363,1.6579789719908633e-05,3.0869441052604185
2026-03-29 18:00:00.000,en.wikipedia,1832761,Andrew_Stanton,192,10.278428517517877,1.6579789719908633e-05,10.108369879868883
2026-03-29 18:00:00.000,en.wikipedia,155317,Sam_Walton,191,6.150370932068073,1.6493436648450774e-05,6.050241597778727
2026-03-29 18:00:00.000,en.wikipedia,5464882,Charlie_Creed-Miles,190,6.672992666372686,1.6407083576992915e-05,6.7169208797079225
2026-03-29 18:00:00.000,en.wikipedia,59275458,Without_Remorse_(film),189,9.91361940976093,1.632073050553506e-05,8.073513612710949
2026-03-29 18:00:00.000,en.wikipedia,1222778,John_Lasseter,189,6.787535941336893,1.632073050553506e-05,6.125017868689643
2026-03-29 18:00:00.000,en.wikipedia,932714,Edie_Brickell,189,4.605533130926296,1.632073050553506e-05,4.310127004072765
2026-03-29 18:00:00.000,en.wikipedia,65719,Temple_Mount,188,4.6103264984248415,1.62343774340772e-05,3.7153026290128297
2026-03-29 18:00:00.000,en.wikipedia,80003071,2025–26_Adran_Premier,188,17.12499383885582,1.62343774340772e-05,16.78853096209341
2026-03-29 18:00:00.000,en.wikipedia,62402361,Joker:_Folie_à_Deux,187,3.6362267655045497,1.6148024362619346e-05,3.0444311188525
2026-03-29 18:00:00.000,en.wikipedia,1672300,Graphite_bomb,186,8.838402996061161,1.6061671291161487e-05,5.5777956937271025
2026-03-29 18:00:00.000,en.wikipedia,1779945,Shari_Belafonte,186,27.181875252242335,1.6061671291161487e-05,19.884274954680784
2026-03-29 18:00:00.000,en.wikipedia,766906,Diane_Cilento,186,9.434594592801705,1.6061671291161487e-05,9.160223694279283
2026-03-29 18:00:00.000,en.wikipedia,65724,Dome_of_the_Rock,185,3.919441731290531,1.5975318219703628e-05,3.39163053655538
2026-03-29 18:00:00.000,en.wikipedia,513090,All_Dogs_Go_to_Heaven,184,3.7111944871748688,1.5888965148245773e-05,3.2569319820423988
2026-03-29 18:00:00.000,en.wikipedia,1765552,Tommy_Rettig,184,10.702138262324599,1.5888965148245773e-05,5.425986472800313
2026-03-29 18:00:00.000,en.wikipedia,74905616,Madharaasi,184,4.237654704477886,1.5888965148245773e-05,3.3246736994315764
2026-03-29 18:00:00.000,en.wikipedia,657523,Dave_Foley,183,3.8433771462200994,1.5802612076787914e-05,3.263626161207685
2026-03-29 18:00:00.000,en.wikipedia,52349431,List_of_all-time_Major_League_Baseball_win–loss_records,183,27.52923885287492,1.5802612076787914e-05,24.15629641775951
2026-03-29 18:00:00.000,en.wikipedia,75682325,2025_Moto2_World_Championship,182,9.82237170443428,1.5716259005330058e-05,9.090455355488947
2026-03-29 18:00:00.000,en.wikipedia,1438686,Joe_Diffie,181,5.123932390570495,1.56299059338722e-05,4.494643426110432
2026-03-29 18:00:00.000,en.wikipedia,72755161,Yeti_Airlines_Flight_691,180,6.912615635242284,1.554355286241434e-05,6.492501556639597
2026-03-29 18:00:00.000,en.wikipedia,51650949,Noah_Schnapp,180,3.616525644123865,1.554355286241434e-05,3.3163628723063714
2026-03-29 18:00:00.000,en.wikipedia,1334579,Sentinelese,180,3.906447875482864,1.554355286241434e-05,3.155559091188088
2026-03-29 18:00:00.000,en.wikipedia,60289181,Palm_Springs_(2020_film),179,9.79536120004993,1.5457199790956485e-05,8.456322612612308
2026-03-29 18:00:00.000,en.wikipedia,1164653,Moses_Malone,179,7.395834798969079,1.5457199790956485e-05,6.062987215141397
2026-03-29 18:00:00.000,en.wikipedia,362917,Hatfield–McCoy_feud,178,8.362997044597162,1.5370846719498626e-05,8.692488891022231
2026-03-29 18:00:00.000,en.wikipedia,31740,University_of_Michigan,178,4.173281989876465,1.5370846719498626e-05,3.3096884656589753
2026-03-29 18:00:00.000,en.wikipedia,664601,Alfre_Woodard,178,6.198839619962729,1.5370846719498626e-05,5.626118549224788
2026-03-29 18:00:00.000,en.wikipedia,4645588,Isaac_Herzog,178,3.524553917808728,1.5370846719498626e-05,3.1310717787578146
2026-03-29 18:00:00.000,en.wikipedia,284331,Buzz_Lightyear,178,10.70173782255353,1.5370846719498626e-05,10.451154864711068
2026-03-29 18:00:00.000,en.wikipedia,72765340,List_of_The_Chosen_episodes,177,3.7640629165106056,1.528449364804077e-05,3.1136817616071544
2026-03-29 18:00:00.000,en.wikipedia,512006,Lacey_Chabert,176,3.9594429596941576,1.5198140576582912e-05,3.035088543856167
2026-03-29 18:00:00.000,en.wikipedia,44939865,Ironman_Heavymetalweight_Championship,175,7.354174679031838,1.5111787505125055e-05,5.260794168948711
2026-03-29 18:00:00.000,en.wikipedia,6031390,Chris_Stills,175,26.13943898155181,1.5111787505125055e-05,24.67925870428733
2026-03-29 18:00:00.000,en.wikipedia,43670986,Inferno_(2016_film),175,6.937704570128974,1.5111787505125055e-05,6.180082571960013
2026-03-29 18:00:00.000,en.wikipedia,24676727,Yusei_Kikuchi,175,5.4955572424855355,1.5111787505125055e-05,4.265321620152415
2026-03-29 18:00:00.000,en.wikipedia,1192469,Liam_Howlett,174,3.982441644967606,1.5025434433667198e-05,3.5199143639019153
2026-03-29 18:00:00.000,en.wikipedia,179643,Cilla_Black,173,5.462829663801347,1.493908136220934e-05,5.083069709056574
2026-03-29 18:00:00.000,en.wikipedia,301237,Mike_Huckabee,173,3.8812987420995415,1.493908136220934e-05,3.62056727107167
2026-03-29 18:00:00.000,en.wikipedia,304311,Tito_Jackson,173,4.2361836189044935,1.493908136220934e-05,3.128441712137159
2026-03-29 18:00:00.000,en.wikipedia,147794,Nippon_Professional_Baseball,172,4.815746914135788,1.4852728290751482e-05,3.2496439218138646
2026-03-29 18:00:00.000,en.wikipedia,146269,University_of_Notre_Dame,172,4.153026464703183,1.4852728290751482e-05,3.884153372750467
2026-03-29 18:00:00.000,en.wikipedia,847172,Rusty_Staub,171,74.38746309423357,1.4766375219293625e-05,66.63738165442493
2026-03-29 18:00:00.000,en.wikipedia,1971,Apollo_17,170,4.356208322217932,1.4680022147835767e-05,3.946047944306901
2026-03-29 18:00:00.000,en.wikipedia,25130876,Courtney_Force,170,6.876690383072179,1.4680022147835767e-05,6.783110744272995
2026-03-29 18:00:00.000,en.wikipedia,58816590,Javokhir_Sindarov,170,5.083916740033178,1.4680022147835767e-05,4.5574641756096215
2026-03-29 18:00:00.000,en.wikipedia,624363,Robert_Guillaume,169,9.266321356009039,1.459366907637791e-05,8.516799439595207
2026-03-29 18:00:00.000,en.wikipedia,76878175,Npm_left-pad_incident,169,3.720133580535899,1.459366907637791e-05,3.4051013759428277
2026-03-29 18:00:00.000,en.wikipedia,1092590,Coffea_arabica,169,22.13708706803107,1.459366907637791e-05,17.077388971846126
2026-03-29 18:00:00.000,en.wikipedia,38888,Georgy_Zhukov,169,4.174251715894466,1.459366907637791e-05,3.9133083674735314
2026-03-29 18:00:00.000,en.wikipedia,860847,Celia_Imrie,169,3.6098788763857406,1.459366907637791e-05,3.1770873394856363
2026-03-29 18:00:00.000,en.wikipedia,3545454,Brandon_Browner,168,6.2942120303619316,1.4507316004920053e-05,4.863029789144062
2026-03-29 18:00:00.000,en.wikipedia,50452060,Shota_Imanaga,168,30.27953470127657,1.4507316004920053e-05,30.669781843721864
2026-03-29 18:00:00.000,en.wikipedia,8692196,Agatha_Christie's_Marple,168,5.615084499740023,1.4507316004920053e-05,5.0909601415868435
2026-03-29 18:00:00.000,en.wikipedia,166667,World_Chess_Championship,166,4.503320874332845,1.4334609862004337e-05,3.576165537416842
2026-03-29 18:00:00.000,en.wikipedia,18835362,"Prince_Edward,_Duke_of_Windsor",166,30.725268930453705,1.4334609862004337e-05,28.12115547352872
2026-03-29 18:00:00.000,en.wikipedia,58084139,Passing_(film),166,7.290543283048207,1.4334609862004337e-05,7.015063407394364
2026-03-29 18:00:00.000,en.wikipedia,876840,Bobcat_Goldthwait,165,4.973519331685489,1.424825679054648e-05,4.183566193402092
2026-03-29 18:00:00.000,en.wikipedia,988764,Ishaq_Dar,165,4.177286069029317,1.424825679054648e-05,3.0050874070006226
2026-03-29 18:00:00.000,en.wikipedia,58209688,"Luis_Suárez_(footballer,_born_1997)",165,4.43444566619657,1.424825679054648e-05,3.426816076804797
2026-03-29 18:00:00.000,en.wikipedia,66881,New_York_Rangers,164,4.725130176575114,1.4161903719088623e-05,3.9981307803113655
2026-03-29 18:00:00.000,en.wikipedia,63560505,Creed_III,163,4.804759539057924,1.4075550647630766e-05,4.566733613403326
2026-03-29 18:00:00.000,en.wikipedia,37893814,The_Spectacular_Now,163,4.726841821919318,1.4075550647630766e-05,3.649135141092035
2026-03-29 18:00:00.000,en.wikipedia,2572828,Angela_Featherstone,163,5.4804878873832585,1.4075550647630766e-05,5.318386446601824
2026-03-29 18:00:00.000,en.wikipedia,48583314,Dorothy_Vaughan,163,5.067944328270028,1.4075550647630766e-05,4.762242480147685
2026-03-29 18:00:00.000,en.wikipedia,99304,Pearl_Harbor_(film),162,4.683477174009572,1.3989197576172909e-05,4.309042212071823
2026-03-29 18:00:00.000,en.wikipedia,54272102,Anthem_(video_game),162,4.784596221525891,1.3989197576172909e-05,3.230609514903044
2026-03-29 18:00:00.000,en.wikipedia,77083908,Trench_Crusade,162,3.6388233425289145,1.3989197576172909e-05,3.159648665932793
2026-03-29 18:00:00.000,en.wikipedia,68061048,Colson_Montgomery,162,7.903442044967063,1.3989197576172909e-05,6.996455888071845
2026-03-29 18:00:00.000,en.wikipedia,2980843,Love_Comes_Softly,161,7.456884730857785,1.390284450471505e-05,5.206780973613697
2026-03-29 18:00:00.000,en.wikipedia,5836236,The_Age_of_Innocence_(1993_film),161,8.329858164346732,1.390284450471505e-05,6.897795300957313
2026-03-29 18:00:00.000,en.wikipedia,9324,Easter_egg,161,4.188983113251148,1.390284450471505e-05,3.0701159509430944
2026-03-29 18:00:00.000,en.wikipedia,1069169,Allan_Houston,160,21.44050366095989,1.3816491433257193e-05,15.175566880257044
2026-03-29 18:00:00.000,en.wikipedia,51337689,Mary_Jackson_(engineer),159,5.3809404748050635,1.3730138361799335e-05,5.11643764155962
2026-03-29 18:00:00.000,en.wikipedia,418950,Adam_Petty,159,22.413903742728586,1.3730138361799335e-05,19.555620004544135
2026-03-29 18:00:00.000,en.wikipedia,2837685,Hypervigilance,158,5.1095029743706295,1.3643785290341478e-05,4.86044382191649
2026-03-29 18:00:00.000,en.wikipedia,174454,Jack_Layton,158,4.380276016483702,1.3643785290341478e-05,4.0855302579350905
2026-03-29 18:00:00.000,en.wikipedia,71489936,Edgar_Quero,158,6.675251571337654,1.3643785290341478e-05,5.888787337908288
2026-03-29 18:00:00.000,en.wikipedia,29049984,Naheed_Nenshi,158,5.398475742580678,1.3643785290341478e-05,5.117260897355256
2026-03-29 18:00:00.000,en.wikipedia,4059023,Search_engine,158,7.0440337981487895,1.3643785290341478e-05,4.356340255203279
2026-03-29 18:00:00.000,en.wikipedia,2919524,Michel_Berger,158,194.0847568902381,1.3643785290341478e-05,67.78246861914806
2026-03-29 18:00:00.000,en.wikipedia,60730,Lucy_Maud_Montgomery,157,15.330332547090089,1.3557432218883621e-05,15.26658447796389
2026-03-29 18:00:00.000,en.wikipedia,294810,A&W_Restaurants,157,5.730900688179847,1.3557432218883621e-05,4.913060926586563
2026-03-29 18:00:00.000,en.wikipedia,70201114,Morgan_Luttrell,157,4.52039258622369,1.3557432218883621e-05,4.046686874500564
2026-03-29 18:00:00.000,en.wikipedia,1558077,Moon_landing,156,3.687693068603565,1.3471079147425762e-05,3.1377607302955255
2026-03-29 18:00:00.000,en.wikipedia,76368,Sunset_Boulevard_(film),155,4.122166547526026,1.3384726075967905e-05,3.443333996712818
2026-03-29 18:00:00.000,en.wikipedia,28484,Sputnik_1,155,6.901619226676576,1.3384726075967905e-05,6.288343098970262
2026-03-29 18:00:00.000,en.wikipedia,44316528,Michigan_Sports_Network,155,4.252651976027281,1.3384726075967905e-05,3.233183605707418
2026-03-29 18:00:00.000,en.wikipedia,1908238,The_Da_Vinci_Code_(film),155,4.220490905698809,1.3384726075967905e-05,4.0897120703631495
2026-03-29 18:00:00.000,en.wikipedia,723455,Crazy_Horse,155,4.652978620899417,1.3384726075967905e-05,4.5712418233779
2026-03-29 18:00:00.000,en.wikipedia,1075312,Harsha_Bhogle,154,3.5715140287075102,1.3298373004510048e-05,3.1556274350228946
2026-03-29 18:00:00.000,en.wikipedia,29361306,Hilary_Farr,154,8.521721327360252,1.3298373004510048e-05,7.584165473283374
2026-03-29 18:00:00.000,en.wikipedia,75097,Caesarion,154,5.7116074973357085,1.3298373004510048e-05,4.807509314817109
2026-03-29 18:00:00.000,en.wikipedia,2007417,Rahal_Letterman_Lanigan_Racing,154,8.961906826823894,1.3298373004510048e-05,8.909316146013929
2026-03-29 18:00:00.000,en.wikipedia,13704233,Florida_Atlantic_Owls_men's_basketball,154,5.779352316792591,1.3298373004510048e-05,4.54130343633451
2026-03-29 18:00:00.000,en.wikipedia,7357018,Tennessee_Volunteers_football,153,8.286875132797576,1.3212019933052191e-05,5.631517530857896
2026-03-29 18:00:00.000,en.wikipedia,32472,Vangelis,153,3.9237680627754106,1.3212019933052191e-05,3.1157596887825982
2026-03-29 18:00:00.000,en.wikipedia,304306,Jackie_Jackson,153,5.530591818988846,1.3212019933052191e-05,4.135954076323054
2026-03-29 18:00:00.000,en.wikipedia,1095024,Leeds_Rhinos,153,3.6874325053169192,1.3212019933052191e-05,3.555890364031629
2026-03-29 18:00:00.000,en.wikipedia,36460160,Michaela_DePrince,152,3.5475433132411553,1.3125666861594334e-05,3.481329625160889
2026-03-29 18:00:00.000,en.wikipedia,50769155,Anthony_Kay,152,10.12456309643232,1.3125666861594334e-05,10.44238519886314
2026-03-29 18:00:00.000,en.wikipedia,64690357,Sting_Ray_Robb,152,4.257243752103619,1.3125666861594334e-05,4.1571522357036175
2026-03-29 18:00:00.000,en.wikipedia,2453219,"Abigail_Masham,_Baroness_Masham",151,24.60365268521985,1.3039313790136477e-05,21.02314985372566
2026-03-29 18:00:00.000,en.wikipedia,37245652,Parker_(2013_film),151,17.720250709479693,1.3039313790136477e-05,15.41541046150842
2026-03-29 18:00:00.000,en.wikipedia,75225,Western_Wall,151,4.132092736449156,1.3039313790136477e-05,3.4213248504274802
2026-03-29 18:00:00.000,en.wikipedia,150818,"Hickory,_North_Carolina",150,7.5046039587087865,1.2952960718678618e-05,5.325793797457798
2026-03-29 18:00:00.000,en.wikipedia,57974,Battle_of_Britain,150,3.809169341208486,1.2952960718678618e-05,3.2800349301880454
2026-03-29 18:00:00.000,en.wikipedia,62152827,2021_Canadian_federal_election,149,6.031218366416731,1.286660764722076e-05,5.840369194744548
2026-03-29 18:00:00.000,en.wikipedia,1897341,The_Pianist_(2002_film),149,3.8199057766002715,1.286660764722076e-05,3.1879527587186542
2026-03-29 18:00:00.000,en.wikipedia,3302618,Joanna_Roth,149,7.028899736370167,1.286660764722076e-05,5.663162853225718
2026-03-29 18:00:00.000,en.wikipedia,69308,Second_Temple,149,3.9349021657064847,1.286660764722076e-05,3.0321802461016962
2026-03-29 18:00:00.000,en.wikipedia,14944982,Michael_Shellenberger,149,5.882900144102053,1.286660764722076e-05,4.921958036694866
2026-03-29 18:00:00.000,en.wikipedia,11612491,Murder_of_Shanda_Sharer,149,7.082734290073989,1.286660764722076e-05,6.853939418037877
2026-03-29 18:00:00.000,en.wikipedia,75307906,Jack_Kochanowicz,148,93.33809511662427,1.2780254575762903e-05,113.56919690954811
2026-03-29 18:00:00.000,en.wikipedia,444645,Dan_Brown,147,3.8399605104271126,1.2693901504305046e-05,3.5953097521457282
2026-03-29 18:00:00.000,en.wikipedia,588176,Hikaru_Nakamura,147,3.8191923984008467,1.2693901504305046e-05,3.015353023436142
2026-03-29 18:00:00.000,en.wikipedia,1799965,Cal_Thomas,147,5.036751476433615,1.2693901504305046e-05,3.9938959378333183
2026-03-29 18:00:00.000,en.wikipedia,84496,Real_Zaragoza,146,5.385682771819263,1.2607548432847189e-05,5.009496944590348
2026-03-29 18:00:00.000,en.wikipedia,1358490,Kimberley_Walsh,146,11.495665235322363,1.2607548432847189e-05,9.671108347857063
2026-03-29 18:00:00.000,en.wikipedia,73677656,The_Amazing_Race_Australia_7,146,11.018186760358498,1.2607548432847189e-05,7.317343228682251
2026-03-29 18:00:00.000,en.wikipedia,47944,Joseph_of_Arimathea,145,4.0563099215254885,1.252119536138933e-05,3.4398025137712813
2026-03-29 18:00:00.000,en.wikipedia,72286684,Jeferson_Quero,145,27.06505222062523,1.252119536138933e-05,26.662042778809212
2026-03-29 18:00:00.000,en.wikipedia,19043821,1993_Michael_Jackson_sexual_abuse_allegations,145,7.521136384979023,1.252119536138933e-05,6.454053266407367
2026-03-29 18:00:00.000,en.wikipedia,1208420,Three-body_problem,145,3.9589574674597623,1.252119536138933e-05,3.6175749237526063
2026-03-29 18:00:00.000,en.wikipedia,137562,John_Allen_Muhammad,145,3.5832642145684406,1.252119536138933e-05,3.0292425601207285
2026-03-29 18:00:00.000,en.wikipedia,30265,Tom_Clancy,144,3.6579895468593424,1.2434842289931473e-05,3.268382038928194
2026-03-29 18:00:00.000,en.wikipedia,777165,Pearl_Bailey,143,6.774971579071517,1.2348489218473616e-05,6.101484537994912
2026-03-29 18:00:00.000,en.wikipedia,389504,Caiaphas,143,4.2233649889898,1.2348489218473616e-05,3.1914940048055196
2026-03-29 18:00:00.000,en.wikipedia,80209499,Kokuho_(film),143,4.650918165887685,1.2348489218473616e-05,3.569899059192328
2026-03-29 18:00:00.000,en.wikipedia,402097,Marlon_Jackson,143,5.6307233397787275,1.2348489218473616e-05,4.332663639091228
2026-03-29 18:00:00.000,en.wikipedia,836241,Steeplejack,143,9.888984299616496,1.2348489218473616e-05,9.794734099239378
2026-03-29 18:00:00.000,en.wikipedia,241123,Linus_Roache,142,4.942047122633859,1.2262136147015759e-05,4.319835882984253
2026-03-29 18:00:00.000,en.wikipedia,1904614,Simon_Williams_(actor),142,3.6026554860701854,1.2262136147015759e-05,3.111015136291521
2026-03-29 18:00:00.000,en.wikipedia,1174141,Stéphane_Audran,142,54.267078647333,1.2262136147015759e-05,40.962179036475355
2026-03-29 18:00:00.000,en.wikipedia,72806,Jefferson_Airplane,142,3.8573499336731447,1.2262136147015759e-05,3.511353037074227
2026-03-29 18:00:00.000,en.wikipedia,25480,Richard_Petty,141,5.307547826398409,1.2175783075557902e-05,5.0606429903377
2026-03-29 18:00:00.000,en.wikipedia,74634608,Cherish_Finden,141,7.205671540546248,1.2175783075557902e-05,6.776735637297366
2026-03-29 18:00:00.000,en.wikipedia,35347635,Mercedes_Moné,141,6.443108617356203,1.2175783075557902e-05,4.959416458723264
2026-03-29 18:00:00.000,en.wikipedia,199629,Evita_(musical),141,5.568947318833937,1.2175783075557902e-05,5.447400199407706
2026-03-29 18:00:00.000,en.wikipedia,66416302,The_Greatest_Beer_Run_Ever,141,5.133314488805438,1.2175783075557902e-05,4.734942077848824
2026-03-29 18:00:00.000,en.wikipedia,37570631,Andy_Barr,140,6.700965939183027,1.2089430004100045e-05,5.8619288785201
2026-03-29 18:00:00.000,en.wikipedia,80830556,Fire_Point_FP-1,140,3.62533001568667,1.2089430004100045e-05,3.0917940639491777
2026-03-29 18:00:00.000,en.wikipedia,60357715,Race_Across_the_World,140,4.629572238789309,1.2089430004100045e-05,3.4430040669339617
2026-03-29 18:00:00.000,en.wikipedia,48324315,Colton_Herta,140,5.975843708617624,1.2089430004100045e-05,5.652682185077288
2026-03-29 18:00:00.000,en.wikipedia,45481,Soylent_Green,140,3.3100371453091477,1.2089430004100045e-05,3.2320635123587476
2026-03-29 18:00:00.000,en.wikipedia,656549,Dylan_McDermott,139,4.2211908233550215,1.2003076932642186e-05,3.563868520317969
2026-03-29 18:00:00.000,en.wikipedia,1673820,Agartha,139,3.933939166386821,1.2003076932642186e-05,3.5172639028569637
2026-03-29 18:00:00.000,en.wikipedia,76917600,2025_IndyCar_Series,139,7.401935394161548,1.2003076932642186e-05,6.716040716295856
2026-03-29 18:00:00.000,en.wikipedia,62482816,Avengers_(Marvel_Cinematic_Universe),138,7.593801621457905,1.1916723861184329e-05,6.691942720388161
2026-03-29 18:00:00.000,en.wikipedia,59727,Murcia,138,7.618821756043308,1.1916723861184329e-05,7.369955840764377
2026-03-29 18:00:00.000,en.wikipedia,34276487,The_Amazing_Race_Australia,137,12.938083591639327,1.1830370789726471e-05,8.605277880890066
2026-03-29 18:00:00.000,en.wikipedia,162998,Celia_Johnson,137,6.573079450831774,1.1830370789726471e-05,5.528459475394355
2026-03-29 18:00:00.000,en.wikipedia,57349186,Anand_Piramal,137,12.025775131604766,1.1830370789726471e-05,12.023574267360651
2026-03-29 18:00:00.000,en.wikipedia,33673,Washington_Commanders,137,3.9471462846911214,1.1830370789726471e-05,3.443851536745033
2026-03-29 18:00:00.000,en.wikipedia,64307064,Murder_of_Vanessa_Guillén,137,19.43442370733352,1.1830370789726471e-05,15.742548019106607
2026-03-29 18:00:00.000,en.wikipedia,54332714,All_Saints_(group),137,4.370129829417779,1.1830370789726471e-05,3.8191555266631636
2026-03-29 18:00:00.000,en.wikipedia,72711120,The_Way_Home_(TV_series),137,3.4431029863968368,1.1830370789726471e-05,3.0257917663517593
2026-03-29 18:00:00.000,en.wikipedia,13386113,Panchatanthiram,136,4.742514671198373,1.1744017718268614e-05,4.626268312256107
2026-03-29 18:00:00.000,en.wikipedia,921466,Tony_Hale,136,4.616510412975463,1.1744017718268614e-05,3.7437409694736608
2026-03-29 18:00:00.000,en.wikipedia,2337360,Ciarán_McMenamin,136,12.174991613193853,1.1744017718268614e-05,11.821099484079145
2026-03-29 18:00:00.000,en.wikipedia,44442,Thora_Birch,136,4.664780085212433,1.1744017718268614e-05,3.795385848213322
2026-03-29 18:00:00.000,en.wikipedia,1883750,Daniel_Levy_(businessman),136,3.6791147469946104,1.1744017718268614e-05,3.298458099096986
2026-03-29 18:00:00.000,en.wikipedia,7227755,Don_Lemon,135,3.5431251733654268,1.1657664646810757e-05,3.0807443083430788
2026-03-29 18:00:00.000,en.wikipedia,64313,House_of_Commons_of_Canada,134,4.676581668147126,1.1571311575352898e-05,4.548330563146978
2026-03-29 18:00:00.000,en.wikipedia,17260746,We_Need_to_Talk_About_Kevin_(film),134,3.861023666996393,1.1571311575352898e-05,3.3355673843948526
2026-03-29 18:00:00.000,en.wikipedia,58406,Anne_of_Green_Gables,134,3.8523773659338407,1.1571311575352898e-05,3.345530134777552
2026-03-29 18:00:00.000,en.wikipedia,1068143,The_Young_Turks,133,5.990545659429941,1.1484958503895041e-05,5.394412399943669
2026-03-29 18:00:00.000,en.wikipedia,9109321,Lisa_Gerritsen,133,75.27858313866619,1.1484958503895041e-05,64.2454948526006
2026-03-29 18:00:00.000,en.wikipedia,21952217,Daniela_Ruah,132,3.8815851074216545,1.1398605432437184e-05,3.42717559823085
2026-03-29 18:00:00.000,en.wikipedia,61680189,John_Getreu,132,4.820084601285536,1.1398605432437184e-05,4.193801352748144
2026-03-29 18:00:00.000,en.wikipedia,55584,Gout,132,3.65144499614761,1.1398605432437184e-05,3.0738152740908142
2026-03-29 18:00:00.000,en.wikipedia,552779,Dylan_Moran,132,10.936844873742974,1.1398605432437184e-05,10.0493109453914
2026-03-29 18:00:00.000,en.wikipedia,75610818,A_Working_Man,132,4.1334088986846576,1.1398605432437184e-05,3.3248083625879623
2026-03-29 18:00:00.000,en.wikipedia,76426468,Konnor_Griffin,132,4.266780679434077,1.1398605432437184e-05,3.7552029191806975
2026-03-29 18:00:00.000,en.wikipedia,500622,Mystic_Pizza,132,5.6074919369580964,1.1398605432437184e-05,4.885355818714084
2026-03-29 18:00:00.000,en.wikipedia,38706229,The_Purge_(2013_film),132,12.509309061686917,1.1398605432437184e-05,12.63335172294591
2026-03-29 18:00:00.000,en.wikipedia,2096043,The_Skeleton_Key,132,14.156083301865996,1.1398605432437184e-05,14.002819104691179
2026-03-29 18:00:00.000,en.wikipedia,961547,Al_Freeman_Jr.,131,4.535026631930138,1.1312252360979327e-05,4.438037226801496
2026-03-29 18:00:00.000,en.wikipedia,10492514,Derinkuyu_underground_city,131,13.554677050583509,1.1312252360979327e-05,11.027997345079443
2026-03-29 18:00:00.000,en.wikipedia,6754642,Scott_Wilson_(actor),131,3.968096929806602,1.1312252360979327e-05,3.2628749459508968
2026-03-29 18:00:00.000,en.wikipedia,69680392,Mario_Aji,131,22.394379686491746,1.1312252360979327e-05,21.995871522613843
2026-03-29 18:00:00.000,en.wikipedia,73695,Katy_Jurado,131,7.46623942525941,1.1312252360979327e-05,5.860497334742221
2026-03-29 18:00:00.000,en.wikipedia,399725,Orgazmo,130,4.397473749688144,1.122589928952147e-05,4.153213114766771
2026-03-29 18:00:00.000,en.wikipedia,23767889,No_One_Would_Tell_(1996_film),130,3.848291148311347,1.122589928952147e-05,3.2808265888229555
2026-03-29 18:00:00.000,en.wikipedia,2701625,List_of_countries_by_life_expectancy,130,5.056248622125137,1.122589928952147e-05,3.2580238942737876
2026-03-29 18:00:00.000,en.wikipedia,162932,Longinus,129,4.181509424506172,1.1139546218063613e-05,3.48097578966686
2026-03-29 18:00:00.000,en.wikipedia,36022184,Jack_Ryan_(franchise),129,11.178041979654123,1.1139546218063613e-05,10.116671763332343
2026-03-29 18:00:00.000,en.wikipedia,76511919,Jake_Shane,129,14.207312600457366,1.1139546218063613e-05,12.048995727372603
2026-03-29 18:00:00.000,en.wikipedia,61098,Ethnic_cleansing,129,5.289059266353746,1.1139546218063613e-05,3.692481323825523
2026-03-29 18:00:00.000,en.wikipedia,81637976,Alberto_Ferrández,128,37.42436817547269,1.1053193146605754e-05,31.316633520181007
2026-03-29 18:00:00.000,en.wikipedia,3608414,Snow_White_design_language,128,20.55489422182922,1.1053193146605754e-05,19.449275106850692
2026-03-29 18:00:00.000,en.wikipedia,475004,Dan_White,127,4.196751136220059,1.0966840075147897e-05,3.2974004035310145
2026-03-29 18:00:00.000,en.wikipedia,77448255,Micah_Lasher,127,6.637732394079166,1.0966840075147897e-05,6.14290015285375
2026-03-29 18:00:00.000,en.wikipedia,28923831,University_of_Tennessee,127,6.920556131857505,1.0966840075147897e-05,4.6562499146006955
2026-03-29 18:00:00.000,en.wikipedia,47446361,Tamara_Samsonova,126,8.857058855065974,1.088048700369004e-05,8.052984177920042
2026-03-29 18:00:00.000,en.wikipedia,342741,Road_to_Perdition,126,4.825144623330578,1.088048700369004e-05,4.03523522609481
2026-03-29 18:00:00.000,en.wikipedia,3616950,Daragh_O'Malley,126,3.461021139994437,1.088048700369004e-05,3.1461391026507117
2026-03-29 18:00:00.000,en.wikipedia,149536,Liberal_Party_of_Canada,126,4.081751066125574,1.088048700369004e-05,3.713097538163889
2026-03-29 18:00:00.000,en.wikipedia,2058391,Jennifer_Azzi,126,3.840445137386337,1.088048700369004e-05,3.1115132063090294
2026-03-29 18:00:00.000,en.wikipedia,79436946,Avery_Anna,125,8.416755262584568,1.0794133932232182e-05,7.94628613940017
2026-03-29 18:00:00.000,en.wikipedia,100192,Durga,125,6.084783399038468,1.0794133932232182e-05,3.2751439822974597
2026-03-29 18:00:00.000,en.wikipedia,4295195,Knocked_Up,125,4.732153564176495,1.0794133932232182e-05,3.7542923146357574
2026-03-29 18:00:00.000,en.wikipedia,70958855,Jett_Williams_(baseball),125,5.71743769376885,1.0794133932232182e-05,5.130248434421211
2026-03-29 18:00:00.000,en.wikipedia,39883654,Asiana_Airlines_Flight_214,124,4.917443504832513,1.0707780860774325e-05,3.765313812353561
2026-03-29 18:00:00.000,en.wikipedia,6764285,Darren_McMullen,124,159.09902576697317,1.0707780860774325e-05,21.482203186841367
2026-03-29 18:00:00.000,en.wikipedia,13731058,Swiss_Guard,124,4.196708326548115,1.0707780860774325e-05,3.8837822620255658
2026-03-29 18:00:00.000,en.wikipedia,43672694,The_Purge,124,6.196333189547268,1.0707780860774325e-05,5.539773994560297
2026-03-29 18:00:00.000,en.wikipedia,10992158,Illinois_State_Lottery,123,72.44833955834947,1.0621427789316466e-05,116.5651635882671
2026-03-29 18:00:00.000,en.wikipedia,589960,Crystal_Gayle,122,4.37100907969077,1.053507471785861e-05,3.8916152869900094
2026-03-29 18:00:00.000,en.wikipedia,19754987,Kat_Graham,122,4.241213533903652,1.053507471785861e-05,3.4774938807367426
2026-03-29 18:00:00.000,en.wikipedia,8931817,Heidi_Lenhart,122,39.926455850354444,1.053507471785861e-05,33.818470728897
2026-03-29 18:00:00.000,en.wikipedia,1442176,Joe_Jackson_(manager),122,6.461723828260241,1.053507471785861e-05,4.927648851175243
2026-03-29 18:00:00.000,en.wikipedia,2337157,Sorcha_Cusack,122,4.430016395125513,1.053507471785861e-05,4.093135928037188
2026-03-29 18:00:00.000,en.wikipedia,10832079,List_of_Agatha_Christie's_Marple_episodes,122,7.70869694776428,1.053507471785861e-05,6.605887498019908
2026-03-29 18:00:00.000,en.wikipedia,74957626,Rosie_Hughes,122,6.041962983152306,1.053507471785861e-05,6.18102820641479
2026-03-29 18:00:00.000,en.wikipedia,81340368,Jaakko_Ohtonen,122,3.910425414268868,1.053507471785861e-05,3.2235266955910524
2026-03-29 18:00:00.000,en.wikipedia,3531615,Jodelle_Ferland,122,6.14500768939323,1.053507471785861e-05,5.348972231677926
2026-03-29 18:00:00.000,en.wikipedia,271425,Mario_Andretti,121,4.404108759990304,1.0448721646400752e-05,3.059820727645667
2026-03-29 18:00:00.000,en.wikipedia,28367,Spam_(food),121,3.235749495707878,1.0448721646400752e-05,3.0200946401351145
2026-03-29 18:00:00.000,en.wikipedia,346014,Maghreb,121,4.1861680782708355,1.0448721646400752e-05,3.2627703032676725
2026-03-29 18:00:00.000,en.wikipedia,394889,Fundamentalist_Church_of_Jesus_Christ_of_Latter-Day_Saints,120,3.551047733847689,1.0362368574942895e-05,3.233755055005733
2026-03-29 18:00:00.000,en.wikipedia,77735115,2026–27_UEFA_Women's_Champions_League,120,14.680374873498987,1.0362368574942895e-05,10.92712355918649
2026-03-29 18:00:00.000,en.wikipedia,42558596,Daniel_Suárez,120,17.51428120832334,1.0362368574942895e-05,16.859207638153947
2026-03-29 18:00:00.000,en.wikipedia,2165448,Allen_Covert,120,5.968542779394406,1.0362368574942895e-05,4.994225254416613
2026-03-29 18:00:00.000,en.wikipedia,237992,Griff_Rhys_Jones,120,7.253353071780706,1.0362368574942895e-05,6.766279889063821
2026-03-29 18:00:00.000,en.wikipedia,4775253,Cleansing_of_the_Temple,120,4.9708473851324415,1.0362368574942895e-05,4.159566059881632
2026-03-29 18:00:00.000,en.wikipedia,7428705,Tom_Mulcair,119,4.179214515291784,1.0276015503485038e-05,3.846944072820439
2026-03-29 18:00:00.000,en.wikipedia,400778,Esther_Rolle,119,4.710495598116587,1.0276015503485038e-05,4.080907629874863
2026-03-29 18:00:00.000,en.wikipedia,861261,Ferencvárosi_TC,119,3.5513432530697124,1.0276015503485038e-05,3.098921844442466
2026-03-29 18:00:00.000,en.wikipedia,422647,Claudia_Christian,119,6.24564986046269,1.0276015503485038e-05,5.46775752411306
2026-03-29 18:00:00.000,en.wikipedia,547184,United_Center,119,5.203477307389723,1.0276015503485038e-05,3.9445299807043592
2026-03-29 18:00:00.000,en.wikipedia,676354,Pat_Garrett,119,10.278597523248461,1.0276015503485038e-05,8.217988194953382
2026-03-29 18:00:00.000,en.wikipedia,71315990,The_Man_from_Rome,119,8.596023825918792,1.0276015503485038e-05,8.614677756433407
2026-03-29 18:00:00.000,en.wikipedia,48648487,Beard_Meats_Food,119,5.964690219764576,1.0276015503485038e-05,6.046260858752022
2026-03-29 18:00:00.000,en.wikipedia,77928266,Donald_Trump_and_fascism,118,3.295539451884725,1.018966243202718e-05,3.0219973456965037
2026-03-29 18:00:00.000,en.wikipedia,71754817,2022–23_Florida_Atlantic_Owls_men's_basketball_team,118,7.230767826507131,1.018966243202718e-05,5.462858236154073
2026-03-29 18:00:00.000,en.wikipedia,79398822,Otto_Kemp,118,4.046222136789689,1.018966243202718e-05,3.567806964729595
2026-03-29 18:00:00.000,en.wikipedia,64624133,Folklore_(Taylor_Swift_album),117,4.17806411528898,1.0103309360569322e-05,3.4882713981583833
2026-03-29 18:00:00.000,en.wikipedia,16597487,Wells_Fargo,117,3.595615699425918,1.0103309360569322e-05,3.3223121484519553
2026-03-29 18:00:00.000,en.wikipedia,38334190,Bruges,117,6.19235145989546,1.0103309360569322e-05,5.154661868651151
2026-03-29 18:00:00.000,en.wikipedia,781810,Jonathan_Harris,116,4.779816180784639,1.0016956289111465e-05,3.3290845695483053
2026-03-29 18:00:00.000,en.wikipedia,50949141,Worm_(web_serial),116,19.01172751573434,1.0016956289111465e-05,16.836801781901887
2026-03-29 18:00:00.000,en.wikipedia,29270563,The_Bourne_Legacy_(film),116,5.687645893618201,1.0016956289111465e-05,4.627398077429326
2026-03-29 18:00:00.000,en.wikipedia,1279759,Loretta_Devine,116,4.682599342172463,1.0016956289111465e-05,4.039589405216346
2026-03-29 18:00:00.000,en.wikipedia,10277,Ennio_Morricone,116,3.4083628452887584,1.0016956289111465e-05,3.1018598559008
2026-03-29 18:00:00.000,en.wikipedia,5876038,Matthew_Glave,116,7.930573422380544,1.0016956289111465e-05,7.360689888859099
